Date,'',PS4 player count,
2017-03-07,,21000,
2017-03-08,,58700,
2017-03-09,,97800,
2017-03-10,,150800,
2017-03-11,,219500,
2017-03-12,,285400,
2017-03-13,,332400,
2017-03-14,,379900,
2017-03-15,,423400,
2017-03-16,,461500,
2017-03-17,,512300,
2017-03-18,,571100,
2017-03-19,,628800,
2017-03-20,,665600,
2017-03-21,,699200,
2017-03-22,,732600,
2017-03-23,,765100,
2017-03-24,,801800,
2017-03-25,,850000,
2017-03-26,,892400,
2017-03-27,,918700,
2017-03-28,,945600,
2017-03-29,,973500,
2017-03-30,,1001000,
2017-03-31,,1035800,
2017-04-01,,1078900,
2017-04-02,,1118300,
2017-04-03,,1143400,
2017-04-04,,1168900,
2017-04-05,,1191600,
2017-04-06,,1211300,
2017-04-07,,1233300,
2017-04-08,,1257800,
2017-04-09,,1279900,
2017-04-10,,1297400,
2017-04-11,,1314300,
2017-04-12,,1327800,
2017-04-13,,1342800,
2017-04-14,,1359000,
2017-04-15,,1374300,
2017-04-16,,1389700,
2017-04-17,,1401500,
2017-04-18,,1409400,
2017-04-19,,1419100,
2017-04-20,,1427900,
2017-04-21,,1438300,
2017-04-22,,1450200,
2017-04-23,,1462000,
2017-04-24,,1468200,
2017-04-25,,1474000,
2017-04-26,,1479700,
2017-04-27,,1486100,
2017-04-28,,1493500,
2017-04-29,,1502300,
2017-04-30,,1511900,
2017-05-01,,1520100,
2017-05-02,,1524800,
2017-05-03,,1529500,
2017-05-04,,1534100,
2017-05-05,,1541200,
2017-05-06,,1550100,
2017-05-07,,1558500,
2017-05-08,,1563400,
2017-05-09,,1567800,
2017-05-10,,1572700,
2017-05-11,,1577400,
2017-05-12,,1583000,
2017-05-13,,1590600,
2017-05-14,,1597900,
2017-05-15,,1601300,
2017-05-16,,1605400,
2017-05-17,,1609300,
2017-05-18,,1612900,
2017-05-19,,1618800,
2017-05-20,,1626800,
2017-05-21,,1633400,
2017-05-22,,1636700,
2017-05-23,,1640200,
2017-05-24,,1643700,
2017-05-25,,1647400,
2017-05-26,,1652200,
2017-05-27,,1659000,
2017-05-28,,1664900,
2017-05-29,,1669100,
2017-05-30,,1671800,
2017-05-31,,1675700,
2017-06-01,,1679800,
2017-06-02,,1684200,
2017-06-03,,1689500,
2017-06-04,,1694700,
2017-06-05,,1699300,
2017-06-06,,1702200,
2017-06-07,,1706600,
2017-06-08,,1710400,
2017-06-09,,1714300,
2017-06-10,,1719600,
2017-06-11,,1724200,
2017-06-12,,1728500,
2017-06-13,,1732100,
2017-06-14,,1735500,
2017-06-15,,1738900,
2017-06-16,,1743300,
2017-06-17,,1747700,
2017-06-18,,1751900,
2017-06-19,,1754900,
2017-06-20,,1758300,
2017-06-21,,1762500,
2017-06-22,,1766500,
2017-06-23,,1770500,
2017-06-24,,1774800,
2017-06-25,,1779700,
2017-06-26,,1784200,
2017-06-27,,1788100,
2017-06-28,,1791900,
2017-06-29,,1795600,
2017-06-30,,1800300,
2017-07-01,,1804400,
2017-07-02,,1809000,
2017-07-03,,1813000,
2017-07-04,,1816400,
2017-07-05,,1820000,
2017-07-06,,1824000,
2017-07-07,,1827900,
2017-07-08,,1831900,
2017-07-09,,1836600,
2017-07-10,,1840600,
2017-07-11,,1844900,
2017-07-12,,1849100,
2017-07-13,,1852800,
2017-07-14,,1856100,
2017-07-15,,1860800,
2017-07-16,,1864900,
2017-07-17,,1868000,
2017-07-18,,1871600,
2017-07-19,,1874900,
2017-07-20,,1878200,
2017-07-21,,1881300,
2017-07-22,,1884300,
2017-07-23,,1888600,
2017-07-24,,1891800,
2017-07-25,,1894300,
2017-07-26,,1897300,
2017-07-27,,1900400,
2017-07-28,,1903400,
2017-07-29,,1906900,
2017-07-30,,1910000,
2017-07-31,,1912300,
2017-08-01,,1915100,
2017-08-02,,1917600,
2017-08-03,,1920200,
2017-08-04,,1922600,
2017-08-05,,1925100,
2017-08-06,,1928100,
2017-08-07,,1930300,
2017-08-08,,1933100,
2017-08-09,,1935600,
2017-08-10,,1937500,
2017-08-11,,1940200,
2017-08-12,,1942900,
2017-08-13,,1945500,
2017-08-14,,1947600,
2017-08-15,,1949500,
2017-08-16,,1951200,
2017-08-17,,1952700,
2017-08-18,,1954900,
2017-08-19,,1958000,
2017-08-20,,1960400,
2017-08-21,,1962600,
2017-08-22,,1964200,
2017-08-23,,1965500,
2017-08-24,,1967600,
2017-08-25,,1969600,
2017-08-26,,1972300,
2017-08-27,,1974900,
2017-08-28,,1976600,
2017-08-29,,1978600,
2017-08-30,,1980500,
2017-08-31,,1982500,
2017-09-01,,1984600,
2017-09-02,,1987700,
2017-09-03,,1990600,
2017-09-04,,1993100,
2017-09-05,,1995000,
2017-09-06,,1996600,
2017-09-07,,1998400,
2017-09-08,,2000500,
2017-09-09,,2003500,
2017-09-10,,2006200,
2017-09-11,,2007800,
2017-09-12,,2009800,
2017-09-13,,2011100,
2017-09-14,,2012300,
2017-09-15,,2014000,
2017-09-16,,2016200,
2017-09-17,,2018200,
2017-09-18,,2019400,
2017-09-19,,2020500,
2017-09-20,,2021400,
2017-09-21,,2022300,
2017-09-22,,2023500,
2017-09-23,,2025900,
2017-09-24,,2028000,
2017-09-25,,2029500,
2017-09-26,,2030600,
2017-09-27,,2031800,
2017-09-28,,2032900,
2017-09-29,,2034700,
2017-09-30,,2036900,
2017-10-01,,2038100,
2017-10-02,,2039600,
2017-10-03,,2040800,
2017-10-04,,2042300,
2017-10-05,,2043500,
2017-10-06,,2045000,
2017-10-07,,2046700,
2017-10-08,,2048400,
2017-10-09,,2049500,
2017-10-10,,2050500,
2017-10-11,,2051800,
2017-10-12,,2052800,
2017-10-13,,2053800,
2017-10-14,,2055700,
2017-10-15,,2057600,
2017-10-16,,2058400,
2017-10-17,,2059500,
2017-10-18,,2060200,
2017-10-19,,2061200,
2017-10-20,,2062600,
2017-10-21,,2064200,
2017-10-22,,2066200,
2017-10-23,,2067500,
2017-10-24,,2068200,
2017-10-25,,2068700,
2017-10-26,,2069900,
2017-10-27,,2071200,
2017-10-28,,2072600,
2017-10-29,,2074600,
2017-10-30,,2075700,
2017-10-31,,2076700,
2017-11-01,,2077800,
2017-11-02,,2078600,
2017-11-03,,2080100,
2017-11-04,,2081900,
2017-11-05,,2083700,
2017-11-06,,2084900,
2017-11-07,,2085900,
2017-11-08,,2086900,
2017-11-09,,2088000,
2017-11-10,,2088900,
2017-11-11,,2090800,
2017-11-12,,2092300,
2017-11-13,,2093100,
2017-11-14,,2093900,
2017-11-15,,2094500,
2017-11-16,,2095400,
2017-11-17,,2096500,
2017-11-18,,2097900,
2017-11-19,,2099500,
2017-11-20,,2100100,
2017-11-21,,2100800,
2017-11-22,,2102200,
2017-11-23,,2102900,
2017-11-24,,2104700,
2017-11-25,,2106700,
2017-11-26,,2108000,
2017-11-27,,2108500,
2017-11-28,,2109600,
2017-11-29,,2110400,
2017-11-30,,2111100,
2017-12-01,,2111900,
2017-12-02,,2113400,
2017-12-03,,2115200,
2017-12-04,,2116000,
2017-12-05,,2116700,
2017-12-06,,2117200,
2017-12-07,,2118300,
2017-12-08,,2119000,
2017-12-09,,2120200,
2017-12-10,,2121500,
2017-12-11,,2122300,
2017-12-12,,2122800,
2017-12-13,,2123500,
2017-12-14,,2124000,
2017-12-15,,2125000,
2017-12-16,,2126400,
2017-12-17,,2127300,
2017-12-18,,2128000,
2017-12-19,,2128800,
2017-12-20,,2129500,
2017-12-21,,2130700,
2017-12-22,,2131700,
2017-12-23,,2132800,
2017-12-24,,2134300,
2017-12-25,,2136000,
2017-12-26,,2137400,
2017-12-27,,2139400,
2017-12-28,,2141200,
2017-12-29,,2142500,
2017-12-30,,2144000,
2017-12-31,,2146000,
2018-01-01,,2147500,
2018-01-02,,2149000,
2018-01-03,,2150000,
2018-01-04,,2151200,
2018-01-05,,2152400,
2018-01-06,,2153400,
2018-01-07,,2154700,
2018-01-08,,2155400,
2018-01-09,,2156200,
2018-01-10,,2157500,
2018-01-11,,2158300,
2018-01-12,,2159500,
2018-01-13,,2161200,
2018-01-14,,2162100,
2018-01-15,,2163200,
2018-01-16,,2163900,
2018-01-17,,2164600,
2018-01-18,,2165400,
2018-01-19,,2165800,
2018-01-20,,2167000,
2018-01-21,,2168300,
2018-01-22,,2168900,
2018-01-23,,2169800,
2018-01-24,,2170500,
2018-01-25,,2171400,
2018-01-26,,2172200,
2018-01-27,,2173500,
2018-01-28,,2174800,
2018-01-29,,2175400,
2018-01-30,,2176100,
2018-01-31,,2176800,
2018-02-01,,2177400,
2018-02-02,,2178300,
2018-02-03,,2179100,
2018-02-04,,2180200,
2018-02-05,,2180800,
2018-02-06,,2181200,
2018-02-07,,2181600,
2018-02-08,,2182200,
2018-02-09,,2183800,
2018-02-10,,2185600,
2018-02-11,,2186800,
2018-02-12,,2187900,
2018-02-13,,2189000,
2018-02-14,,2189900,
2018-02-15,,2190900,
2018-02-16,,2192200,
2018-02-17,,2193600,
2018-02-18,,2194600,
2018-02-19,,2195400,
2018-02-20,,2196100,
2018-02-21,,2196700,
2018-02-22,,2197200,
2018-02-23,,2197900,
2018-02-24,,2199600,
2018-02-25,,2201000,
2018-02-26,,2201800,
2018-02-27,,2202400,
2018-02-28,,2202800,
2018-03-01,,2203900,
2018-03-02,,2205000,
2018-03-03,,2206500,
2018-03-04,,2207300,
2018-03-05,,2207600,
2018-03-06,,2208400,
2018-03-07,,2209000,
2018-03-08,,2209900,
2018-03-09,,2211100,
2018-03-10,,2212000,
2018-03-11,,2213100,
2018-03-12,,2213700,
2018-03-13,,2214300,
2018-03-14,,2215000,
2018-03-15,,2215800,
2018-03-16,,2217100,
2018-03-17,,2218300,
2018-03-18,,2219500,
2018-03-19,,2220200,
2018-03-20,,2220900,
2018-03-21,,2221400,
2018-03-22,,2222200,
2018-03-23,,2223500,
2018-03-24,,2224700,
2018-03-25,,2225800,
2018-03-26,,2226900,
2018-03-27,,2227600,
2018-03-28,,2228000,
2018-03-29,,2228900,
2018-03-30,,2230200,
2018-03-31,,2231700,
2018-04-01,,2232600,
2018-04-02,,2233700,
2018-04-03,,2234300,
2018-04-04,,2235100,
2018-04-05,,2236000,
2018-04-06,,2236800,
2018-04-07,,2237700,
2018-04-08,,2239100,
2018-04-09,,2239800,
2018-04-10,,2240100,
2018-04-11,,2240500,
2018-04-12,,2241400,
2018-04-13,,2242300,
2018-04-14,,2243400,
2018-04-15,,2244600,
2018-04-16,,2244900,
2018-04-17,,2245500,
2018-04-18,,2246200,
2018-04-19,,2247000,
2018-04-20,,2247600,
2018-04-21,,2248200,
2018-04-22,,2249200,
2018-04-23,,2249800,
2018-04-24,,2250100,
2018-04-25,,2250700,
2018-04-26,,2251200,
2018-04-27,,2252000,
2018-04-28,,2252900,
2018-04-29,,2253700,
2018-04-30,,2254500,
2018-05-01,,2255000,
2018-05-02,,2255300,
2018-05-03,,2255600,
2018-05-04,,2255800,
2018-05-05,,2256300,
2018-05-06,,2256600,
2018-05-07,,2257000,
2018-05-08,,2257000,
2018-05-09,,2257300,
2018-05-10,,2258000,
2018-05-11,,2258300,
2018-05-12,,2258900,
2018-05-13,,2259200,
2018-05-14,,2259500,
2018-05-15,,2259700,
2018-05-16,,2259800,
2018-05-17,,2259900,
2018-05-18,,2260100,
2018-05-19,,2260400,
2018-05-20,,2261000,
2018-05-21,,2261200,
2018-05-22,,2261500,
2018-05-23,,2261500,
2018-05-24,,2261800,
2018-05-25,,2262200,
2018-05-26,,2262800,
2018-05-27,,2263000,
2018-05-28,,2263500,
2018-05-29,,2263900,
2018-05-30,,2264200,
2018-05-31,,2264600,
2018-06-01,,2264600,
2018-06-02,,2264800,
2018-06-03,,2265200,
2018-06-04,,2265600,
2018-06-05,,2265900,
2018-06-06,,2266200,
2018-06-07,,2266700,
2018-06-08,,2266900,
2018-06-09,,2267300,
2018-06-10,,2267700,
2018-06-11,,2268100,
2018-06-12,,2268300,
2018-06-13,,2268500,
2018-06-14,,2268800,
2018-06-15,,2269100,
2018-06-16,,2269400,
2018-06-17,,2269800,
2018-06-18,,2270200,
2018-06-19,,2270600,
2018-06-20,,2270800,
2018-06-21,,2271000,
2018-06-22,,2271400,
2018-06-23,,2271700,
2018-06-24,,2272100,
2018-06-25,,2272400,
2018-06-26,,2272700,
2018-06-27,,2272900,
2018-06-28,,2273400,
2018-06-29,,2273800,
2018-06-30,,2274100,
2018-07-01,,2274700,
2018-07-02,,2274900,
2018-07-03,,2275300,
2018-07-04,,2275700,
2018-07-05,,2275900,
2018-07-06,,2276500,
2018-07-07,,2276800,
2018-07-08,,2277000,
2018-07-09,,2277200,
2018-07-10,,2277600,
2018-07-11,,2277700,
2018-07-12,,2278000,
2018-07-13,,2278300,
2018-07-14,,2278500,
2018-07-15,,2278700,
2018-07-16,,2278900,
2018-07-17,,2279300,
2018-07-18,,2279500,
2018-07-19,,2279800,
2018-07-20,,2280300,
2018-07-21,,2280700,
2018-07-22,,2281100,
2018-07-23,,2281300,
2018-07-24,,2281300,
2018-07-25,,2281500,
2018-07-26,,2281700,
2018-07-27,,2282200,
2018-07-28,,2282500,
2018-07-29,,2282900,
2018-07-30,,2283400,
2018-07-31,,2283600,
2018-08-01,,2284000,
2018-08-02,,2284200,
2018-08-03,,2284400,
2018-08-04,,2284800,
2018-08-05,,2285200,
2018-08-06,,2285900,
2018-08-07,,2286300,
2018-08-08,,2286500,
2018-08-09,,2286800,
2018-08-10,,2287200,
2018-08-11,,2287500,
2018-08-12,,2287800,
2018-08-13,,2288000,
2018-08-14,,2288400,
2018-08-15,,2288600,
2018-08-16,,2288900,
2018-08-17,,2289100,
2018-08-18,,2289600,
2018-08-19,,2290100,
2018-08-20,,2290300,
2018-08-21,,2290600,
2018-08-22,,2290800,
2018-08-23,,2291100,
2018-08-24,,2291300,
2018-08-25,,2291500,
2018-08-26,,2291900,
2018-08-27,,2292100,
2018-08-28,,2292100,
2018-08-29,,2292200,
2018-08-30,,2292600,
2018-08-31,,2293000,
2018-09-01,,2293400,
2018-09-02,,2293800,
2018-09-03,,2293900,
2018-09-04,,2294000,
2018-09-05,,2294200,
2018-09-06,,2294200,
2018-09-07,,2294300,
2018-09-08,,2294800,
2018-09-09,,2295400,
2018-09-10,,2295800,
2018-09-11,,2296000,
2018-09-12,,2296200,
2018-09-13,,2296500,
2018-09-14,,2296700,
2018-09-15,,2297000,
2018-09-16,,2297300,
2018-09-17,,2297300,
2018-09-18,,2297500,
2018-09-19,,2297500,
2018-09-20,,2297700,
2018-09-21,,2298000,
2018-09-22,,2298400,
2018-09-23,,2298600,
2018-09-24,,2298700,
2018-09-25,,2298800,
2018-09-26,,2298900,
2018-09-27,,2299200,
2018-09-28,,2299500,
2018-09-29,,2299700,
2018-09-30,,2299900,
2018-10-01,,2300200,
2018-10-02,,2300500,
2018-10-03,,2300700,
2018-10-04,,2300900,
2018-10-05,,2301200,
2018-10-06,,2301700,
2018-10-07,,2302100,
2018-10-08,,2302400,
2018-10-09,,2302600,
2018-10-10,,2302600,
2018-10-11,,2302900,
2018-10-12,,2303300,
2018-10-13,,2303500,
2018-10-14,,2304000,
2018-10-15,,2304100,
2018-10-16,,2304200,
2018-10-17,,2304400,
2018-10-18,,2304400,
2018-10-19,,2304600,
2018-10-20,,2304800,
2018-10-21,,2305100,
2018-10-22,,2305200,
2018-10-23,,2305300,
2018-10-24,,2305300,
2018-10-25,,2305600,
2018-10-26,,2305700,
2018-10-27,,2305900,
2018-10-28,,2306000,
2018-10-29,,2306000,
2018-10-30,,2306200,
2018-10-31,,2306200,
2018-11-01,,2306600,
2018-11-02,,2306800,
2018-11-03,,2307000,
2018-11-04,,2307300,
2018-11-05,,2307500,
2018-11-06,,2307700,
2018-11-07,,2307900,
2018-11-08,,2308200,
2018-11-09,,2308300,
2018-11-10,,2308900,
2018-11-11,,2309300,
2018-11-12,,2309600,
2018-11-13,,2309700,
2018-11-14,,2309900,
2018-11-15,,2310000,
2018-11-16,,2310300,
2018-11-17,,2310600,
2018-11-18,,2311000,
2018-11-19,,2311200,
2018-11-20,,2311400,
2018-11-21,,2311700,
2018-11-22,,2311800,
2018-11-23,,2312100,
2018-11-24,,2312400,
2018-11-25,,2312600,
2018-11-26,,2312800,
2018-11-27,,2313100,
2018-11-28,,2313300,
2018-11-29,,2313400,
2018-11-30,,2313500,
2018-12-01,,2313800,
2018-12-02,,2314000,
2018-12-03,,2314200,
2018-12-04,,2314200,
2018-12-05,,2314200,
2018-12-06,,2314400,
2018-12-07,,2314500,
2018-12-08,,2315000,
2018-12-09,,2315100,
2018-12-10,,2315400,
2018-12-11,,2315600,
2018-12-12,,2315800,
2018-12-13,,2316000,
2018-12-14,,2316200,
2018-12-15,,2316500,
2018-12-16,,2316800,
2018-12-17,,2316900,
2018-12-18,,2317200,
2018-12-19,,2317500,
2018-12-20,,2317600,
2018-12-21,,2317900,
2018-12-22,,2318000,
2018-12-23,,2318500,
2018-12-24,,2318900,
2018-12-25,,2319400,
2018-12-26,,2319600,
2018-12-27,,2320300,
2018-12-28,,2320500,
2018-12-29,,2320600,
2018-12-30,,2320900,
2018-12-31,,2321400,
2019-01-01,,2321900,
2019-01-02,,2321900,
2019-01-03,,2322100,
2019-01-04,,2322400,
2019-01-05,,2322800,
2019-01-06,,2322900,
2019-01-07,,2323100,
2019-01-08,,2323200,
2019-01-09,,2323400,
2019-01-10,,2323500,
2019-01-11,,2323600,
2019-01-12,,2324000,
2019-01-13,,2324100,
2019-01-14,,2324400,
2019-01-15,,2324400,
2019-01-16,,2324400,
2019-01-17,,2324600,
2019-01-18,,2324700,
2019-01-19,,2325000,
2019-01-20,,2325200,
2019-01-21,,2325300,
2019-01-22,,2325300,
2019-01-23,,2325300,
2019-01-24,,2325500,
2019-01-25,,2325700,
2019-01-26,,2326000,
2019-01-27,,2326400,
2019-01-28,,2326500,
2019-01-29,,2326800,
2019-01-30,,2326900,
2019-01-31,,2327000,
2019-02-01,,2327200,
2019-02-02,,2327400,
2019-02-03,,2327600,
2019-02-04,,2327800,
2019-02-05,,2327900,
2019-02-06,,2328000,
2019-02-07,,2328400,
2019-02-08,,2328600,
2019-02-09,,2329000,
2019-02-10,,2329200,
2019-02-11,,2329200,
2019-02-12,,2329500,
2019-02-13,,2329600,
2019-02-14,,2329800,
2019-02-15,,2329900,
2019-02-16,,2330400,
2019-02-17,,2330500,
2019-02-18,,2330600,
2019-02-19,,2330700,
2019-02-20,,2330800,
2019-02-21,,2330900,
2019-02-22,,2330900,
2019-02-23,,2331200,
2019-02-24,,2331400,
2019-02-25,,2331600,
2019-02-26,,2331700,
2019-02-27,,2331800,
2019-02-28,,2332000,
2019-03-01,,2332100,
2019-03-02,,2332400,
2019-03-03,,2332500,
2019-03-04,,2332600,
2019-03-05,,2332700,
2019-03-06,,2332900,
2019-03-07,,2333100,
2019-03-08,,2333400,
2019-03-09,,2333600,
2019-03-10,,2333900,
2019-03-11,,2334000,
2019-03-12,,2334100,
2019-03-13,,2334200,
2019-03-14,,2334300,
2019-03-15,,2334600,
2019-03-16,,2334700,
2019-03-17,,2335000,
2019-03-18,,2335100,
2019-03-19,,2335200,
2019-03-20,,2335400,
2019-03-21,,2335500,
2019-03-22,,2335700,
2019-03-23,,2335900,
2019-03-24,,2336200,
2019-03-25,,2336300,
2019-03-26,,2336400,
2019-03-27,,2336700,
2019-03-28,,2336800,
2019-03-29,,2336900,
2019-03-30,,2337200,
2019-03-31,,2337500,
2019-04-01,,2337600,
2019-04-02,,2337900,
2019-04-03,,2338100,
2019-04-04,,2338300,
2019-04-05,,2338400,
2019-04-06,,2338500,
2019-04-07,,2338700,
2019-04-08,,2338800,
2019-04-09,,2338900,
2019-04-10,,2339100,
2019-04-11,,2339400,
2019-04-12,,2339500,
2019-04-13,,2339700,
2019-04-14,,2340000,
2019-04-15,,2340200,
2019-04-16,,2340300,
2019-04-17,,2340600,
2019-04-18,,2340800,
2019-04-19,,2341200,
2019-04-20,,2341400,
2019-04-21,,2341600,
2019-04-22,,2341700,
2019-04-23,,2341900,
2019-04-24,,2342000,
2019-04-25,,2342300,
2019-04-26,,2342500,
2019-04-27,,2342700,
2019-04-28,,2342900,
2019-04-29,,2343000,
2019-04-30,,2343100,
2019-05-01,,2343200,
2019-05-02,,2343200,
2019-05-03,,2343500,
2019-05-04,,2343700,
2019-05-05,,2344000,
2019-05-06,,2344000,
2019-05-07,,2344100,
2019-05-08,,2344300,
2019-05-09,,2344300,
2019-05-10,,2344400,
2019-05-11,,2344500,
2019-05-12,,2344800,
2019-05-13,,2344900,
2019-05-14,,2344900,
2019-05-15,,2345100,
2019-05-16,,2345100,
2019-05-17,,2345200,
2019-05-18,,2345300,
2019-05-19,,2345700,
2019-05-20,,2345900,
2019-05-21,,2346000,
2019-05-22,,2346200,
2019-05-23,,2346300,
2019-05-24,,2346600,
2019-05-25,,2347000,
2019-05-26,,2347300,
2019-05-27,,2347500,
2019-05-28,,2347900,
2019-05-29,,2348000,
2019-05-30,,2348400,
2019-05-31,,2348600,
2019-06-01,,2348900,
2019-06-02,,2349100,
2019-06-03,,2349300,
2019-06-04,,2349500,
2019-06-05,,2349600,
2019-06-06,,2349600,
2019-06-07,,2350000,
2019-06-08,,2350300,
2019-06-09,,2350400,
2019-06-10,,2350600,
2019-06-11,,2350800,
2019-06-12,,2351000,
2019-06-13,,2351100,
2019-06-14,,2351300,
2019-06-15,,2351500,
2019-06-16,,2351800,
2019-06-17,,2351900,
2019-06-18,,2352100,
2019-06-19,,2352200,
2019-06-20,,2352500,
2019-06-21,,2352900,
2019-06-22,,2353200,
2019-06-23,,2353400,
2019-06-24,,2353500,
2019-06-25,,2353700,
2019-06-26,,2353900,
2019-06-27,,2354000,
2019-06-28,,2354100,
2019-06-29,,2354500,
2019-06-30,,2354700,
2019-07-01,,2354900,
2019-07-02,,2355100,
2019-07-03,,2355200,
2019-07-04,,2355300,
2019-07-05,,2355400,
2019-07-06,,2355700,
2019-07-07,,2355900,
2019-07-08,,2356000,
2019-07-09,,2356200,
2019-07-10,,2356300,
2019-07-11,,2356400,
2019-07-12,,2356500,
2019-07-13,,2356700,
2019-07-14,,2356900,
2019-07-15,,2357000,
2019-07-16,,2357000,
2019-07-17,,2357300,
2019-07-18,,2357300,
2019-07-19,,2357600,
2019-07-20,,2357600,
2019-07-21,,2357900,
2019-07-22,,2358100,
2019-07-23,,2358400,
2019-07-24,,2358500,
2019-07-25,,2358700,
2019-07-26,,2358900,
2019-07-27,,2359100,
2019-07-28,,2359300,
2019-07-29,,2359600,
2019-07-30,,2359800,
2019-07-31,,2359900,
2019-08-01,,2360100,
2019-08-02,,2360200,
2019-08-03,,2360400,
2019-08-04,,2360700,
2019-08-05,,2360700,
2019-08-06,,2360800,
2019-08-07,,2361000,
2019-08-08,,2361100,
2019-08-09,,2361300,
2019-08-10,,2361400,
2019-08-11,,2361600,
2019-08-12,,2361700,
2019-08-13,,2361800,
2019-08-14,,2361900,
2019-08-15,,2362100,
2019-08-16,,2362200,
2019-08-17,,2362400,
2019-08-18,,2362800,
2019-08-19,,2362800,
2019-08-20,,2362800,
2019-08-21,,2362900,
2019-08-22,,2363000,
2019-08-23,,2363000,
2019-08-24,,2363400,
2019-08-25,,2363400,
2019-08-26,,2363700,
2019-08-27,,2363800,
2019-08-28,,2363900,
2019-08-29,,2364000,
2019-08-30,,2364300,
2019-08-31,,2364500,
2019-09-01,,2364600,
2019-09-02,,2364800,
2019-09-03,,2364900,
2019-09-04,,2365000,
2019-09-05,,2365200,
2019-09-06,,2365400,
2019-09-07,,2365500,
2019-09-08,,2365700,
2019-09-09,,2365800,
2019-09-10,,2366100,
2019-09-11,,2366200,
2019-09-12,,2366300,
2019-09-13,,2366400,
2019-09-14,,2366700,
2019-09-15,,2367100,
2019-09-16,,2367100,
2019-09-17,,2367200,
2019-09-18,,2367500,
2019-09-19,,2367600,
2019-09-20,,2367700,
2019-09-21,,2367900,
2019-09-22,,2368100,
2019-09-23,,2368200,
2019-09-24,,2368200,
2019-09-25,,2368500,
2019-09-26,,2368500,
2019-09-27,,2368600,
2019-09-28,,2368700,
2019-09-29,,2368900,
2019-09-30,,2369000,
2019-10-01,,2369000,
2019-10-02,,2369100,
2019-10-03,,2369200,
2019-10-04,,2369400,
2019-10-05,,2369600,
2019-10-06,,2369700,
2019-10-07,,2369800,
2019-10-08,,2369900,
2019-10-09,,2369900,
2019-10-10,,2369900,
2019-10-11,,2370100,
2019-10-12,,2370400,
2019-10-13,,2370600,
2019-10-14,,2370600,
2019-10-15,,2370600,
2019-10-16,,2370700,
2019-10-17,,2370700,
2019-10-18,,2370800,
2019-10-19,,2370900,
2019-10-20,,2371000,
2019-10-21,,2371200,
2019-10-22,,2371300,
2019-10-23,,2371300,
2019-10-24,,2371700,
2019-10-25,,2371800,
2019-10-26,,2372000,
2019-10-27,,2372100,
2019-10-28,,2372200,
2019-10-29,,2372200,
2019-10-30,,2372500,
2019-10-31,,2372600,
2019-11-01,,2372600,
2019-11-02,,2372700,
2019-11-03,,2372700,
2019-11-04,,2373100,
2019-11-05,,2373300,
2019-11-06,,2373300,
2019-11-07,,2373300,
2019-11-08,,2373400,
2019-11-09,,2373500,
2019-11-10,,2373700,
2019-11-11,,2373700,
2019-11-12,,2373800,
2019-11-13,,2373900,
2019-11-14,,2374000,
2019-11-15,,2374000,
2019-11-16,,2374000,
2019-11-17,,2374100,
2019-11-18,,2374400,
2019-11-19,,2374400,
2019-11-20,,2374500,
2019-11-21,,2374600,
2019-11-22,,2374700,
2019-11-23,,2374900,
2019-11-24,,2375000,
2019-11-25,,2375100,
2019-11-26,,2375200,
2019-11-27,,2375300,
2019-11-28,,2375400,
2019-11-29,,2375500,
2019-11-30,,2375700,
2019-12-01,,2375800,
2019-12-02,,2376000,
2019-12-03,,2376100,
2019-12-04,,2376200,
2019-12-05,,2376300,
2019-12-06,,2376500,
2019-12-07,,2376500,
2019-12-08,,2376700,
2019-12-09,,2376700,
2019-12-10,,2376800,
2019-12-11,,2376800,
2019-12-12,,2376900,
2019-12-13,,2376900,
2019-12-14,,2377000,
2019-12-15,,2377100,
2019-12-16,,2377100,
2019-12-17,,2377500,
2019-12-18,,2377500,
2019-12-19,,2377600,
2019-12-20,,2377800,
2019-12-21,,2377800,
2019-12-22,,2378000,
2019-12-23,,2378300,
2019-12-24,,2378400,
2019-12-25,,2378600,
2019-12-26,,2378600,
2019-12-27,,2378800,
2019-12-28,,2379000,
2019-12-29,,2379000,
2019-12-30,,2379200,
2019-12-31,,2379300,
2020-01-01,,2379400,
2020-01-02,,2379500,
2020-01-03,,2379700,
2020-01-04,,2380000,
2020-01-05,,2380100,
2020-01-06,,2380300,
2020-01-07,,2380400,
2020-01-08,,2380500,
2020-01-09,,2380600,
2020-01-10,,2380700,
2020-01-11,,2381000,
2020-01-12,,2381300,
2020-01-13,,2381400,
2020-01-14,,2381400,
2020-01-15,,2381500,
2020-01-16,,2381500,
2020-01-17,,2381600,
2020-01-18,,2381700,
2020-01-19,,2381900,
2020-01-20,,2382000,
2020-01-21,,2382000,
2020-01-22,,2382000,
2020-01-23,,2382200,
2020-01-24,,2382400,
2020-01-25,,2382500,
2020-01-26,,2382600,
2020-01-27,,2382600,
2020-01-28,,2382700,
2020-01-29,,2382800,
2020-01-30,,2382800,
2020-01-31,,2382900,
2020-02-01,,2383100,
2020-02-02,,2383300,
2020-02-03,,2383400,
2020-02-04,,2383400,
2020-02-05,,2383500,
2020-02-06,,2383600,
2020-02-07,,2383700,
2020-02-08,,2383900,
2020-02-09,,2383900,
2020-02-10,,2383900,
2020-02-11,,2383900,
2020-02-12,,2383900,
2020-02-13,,2384000,
2020-02-14,,2384100,
2020-02-15,,2384300,
2020-02-16,,2384300,
2020-02-17,,2384600,
2020-02-18,,2384700,
2020-02-19,,2384700,
2020-02-20,,2384800,
2020-02-21,,2384800,
2020-02-22,,2384900,
2020-02-23,,2385000,
2020-02-24,,2385100,
2020-02-25,,2385400,
2020-02-26,,2385600,
2020-02-27,,2385600,
2020-02-28,,2385700,
2020-02-29,,2385900,
2020-03-01,,2386100,
2020-03-02,,2386200,
2020-03-03,,2386300,
2020-03-04,,2386400,
2020-03-05,,2386500,
2020-03-06,,2386700,
2020-03-07,,2387000,
2020-03-08,,2387100,
2020-03-09,,2387200,
2020-03-10,,2387400,
2020-03-11,,2387400,
2020-03-12,,2387400,
2020-03-13,,2387600,
2020-03-14,,2387700,
2020-03-15,,2388100,
2020-03-16,,2388300,
2020-03-17,,2388500,
2020-03-18,,2388600,
2020-03-19,,2388700,
2020-03-20,,2389000,
2020-03-21,,2389200,
2020-03-22,,2389400,
2020-03-23,,2389600,
2020-03-24,,2389900,
2020-03-25,,2390000,
2020-03-26,,2390200,
2020-03-27,,2390400,
2020-03-28,,2390500,
2020-03-29,,2390700,
2020-03-30,,2391000,
2020-03-31,,2391100,
2020-04-01,,2391100,
2020-04-02,,2391300,
2020-04-03,,2391300,
2020-04-04,,2391500,
2020-04-05,,2391700,
2020-04-06,,2391900,
2020-04-07,,2392000,
2020-04-08,,2392200,
2020-04-09,,2392400,
2020-04-10,,2392500,
2020-04-11,,2392800,
2020-04-12,,2392900,
2020-04-13,,2393100,
2020-04-14,,2393400,
2020-04-15,,2393700,
2020-04-16,,2393700,
2020-04-17,,2393900,
2020-04-18,,2394000,
2020-04-19,,2394200,
2020-04-20,,2394300,
2020-04-21,,2394500,
2020-04-22,,2394500,
2020-04-23,,2394500,
2020-04-24,,2394600,
2020-04-25,,2394700,
2020-04-26,,2395000,
2020-04-27,,2395200,
2020-04-28,,2395300,
2020-04-29,,2395400,
2020-04-30,,2395800,
2020-05-01,,2395900,
2020-05-02,,2396200,
2020-05-03,,2396300,
2020-05-04,,2396400,
2020-05-05,,2396400,
2020-05-06,,2396500,
2020-05-07,,2396600,
2020-05-08,,2396800,
2020-05-09,,2396900,
2020-05-10,,2397200,
2020-05-11,,2397300,
2020-05-12,,2397400,
2020-05-13,,2397500,
2020-05-14,,2397600,
2020-05-15,,2397700,
2020-05-16,,2397800,
2020-05-17,,2397800,
2020-05-18,,2397900,
2020-05-19,,2397900,
2020-05-20,,2398000,
2020-05-21,,2398100,
2020-05-22,,2398200,
2020-05-23,,2398500,
2020-05-24,,2398500,
2020-05-25,,2398700,
2020-05-26,,2398800,
2020-05-27,,2398800,
2020-05-28,,2399000,
2020-05-29,,2399100,
2020-05-30,,2399300,
2020-05-31,,2399400,
2020-06-01,,2399500,
2020-06-02,,2399600,
2020-06-03,,2399800,
2020-06-04,,2399900,
2020-06-05,,2400000,
2020-06-06,,2400200,
2020-06-07,,2400400,
2020-06-08,,2400500,
2020-06-09,,2400600,
2020-06-10,,2400800,
2020-06-11,,2400800,
2020-06-12,,2400800,
2020-06-13,,2401300,
2020-06-14,,2401300,
2020-06-15,,2401400,
2020-06-16,,2401400,
2020-06-17,,2401600,
2020-06-18,,2401600,
2020-06-19,,2401700,
2020-06-20,,2401800,
2020-06-21,,2402000,
2020-06-22,,2402000,
2020-06-23,,2402100,
2020-06-24,,2402300,
2020-06-25,,2402400,
2020-06-26,,2402600,
2020-06-27,,2402800,
2020-06-28,,2402900,
2020-06-29,,2403000,
2020-06-30,,2403200,
2020-07-01,,2403200,
2020-07-02,,2403300,
2020-07-03,,2403400,
2020-07-04,,2403600,
2020-07-05,,2403900,
2020-07-06,,2404100,
2020-07-07,,2404200,
2020-07-08,,2404200,
2020-07-09,,2404400,
2020-07-10,,2404600,
2020-07-11,,2404900,
2020-07-12,,2405100,
2020-07-13,,2405400,
2020-07-14,,2405500,
2020-07-15,,2405600,
2020-07-16,,2405800,
2020-07-17,,2405800,
2020-07-18,,2406000,
2020-07-19,,2406100,
2020-07-20,,2406200,
2020-07-21,,2406300,
2020-07-22,,2406400,
2020-07-23,,2406500,
2020-07-24,,2406700,
2020-07-25,,2406900,
2020-07-26,,2407000,
2020-07-27,,2407100,
2020-07-28,,2407300,
2020-07-29,,2407400,
2020-07-30,,2407600,
2020-07-31,,2407700,
2020-08-01,,2407800,
2020-08-02,,2407900,
2020-08-03,,2408000,
2020-08-04,,2408100,
2020-08-05,,2408200,
2020-08-06,,2408500,
2020-08-07,,2408500,
2020-08-08,,2408700,
2020-08-09,,2408900,
2020-08-10,,2409000,
2020-08-11,,2409000,
2020-08-12,,2409100,
2020-08-13,,2409200,
2020-08-14,,2409400,
2020-08-15,,2409400,
2020-08-16,,2409700,
2020-08-17,,2409800,
2020-08-18,,2409900,
2020-08-19,,2410100,
2020-08-20,,2410400,
2020-08-21,,2410600,
2020-08-22,,2410800,
2020-08-23,,2410800,
2020-08-24,,2410900,
2020-08-25,,2410900,
2020-08-26,,2410900,
2020-08-27,,2411100,
2020-08-28,,2411200,
2020-08-29,,2411300,
2020-08-30,,2411600,
2020-08-31,,2411700,
2020-09-01,,2411900,
2020-09-02,,2411900,
2020-09-03,,2411900,
2020-09-04,,2412000,
2020-09-05,,2412100,
2020-09-06,,2412200,
2020-09-07,,2412500,
2020-09-08,,2412500,
2020-09-09,,2412700,
2020-09-10,,2412700,
2020-09-11,,2412800,
2020-09-12,,2412800,
2020-09-13,,2413000,
2020-09-14,,2413000,
2020-09-15,,2413000,
2020-09-16,,2413100,
2020-09-17,,2413200,
2020-09-18,,2413300,
2020-09-19,,2413400,
2020-09-20,,2413400,
2020-09-21,,2413400,
2020-09-22,,2413400,
2020-09-23,,2413400,
2020-09-24,,2413500,
2020-09-25,,2413500,
2020-09-26,,2413700,
2020-09-27,,2413800,
2020-09-28,,2413800,
2020-09-29,,2413800,
2020-09-30,,2413900,
2020-10-01,,2413900,
2020-10-02,,2413900,
2020-10-03,,2414000,
2020-10-04,,2414000,
2020-10-05,,2414200,
2020-10-06,,2414200,
2020-10-07,,2414300,
2020-10-08,,2414400,
2020-10-09,,2414500,
2020-10-10,,2414600,
2020-10-11,,2414700,
2020-10-12,,2414800,
2020-10-13,,2414800,
2020-10-14,,2414900,
2020-10-15,,2415000,
2020-10-16,,2415100,
2020-10-17,,2415200,
2020-10-18,,2415400,
2020-10-19,,2415600,
2020-10-20,,2415600,
2020-10-21,,2415600,
2020-10-22,,2415700,
2020-10-23,,2415700,
2020-10-24,,2415800,
2020-10-25,,2416000,
2020-10-26,,2416100,
2020-10-27,,2416100,
2020-10-28,,2416200,
2020-10-29,,2416300,
2020-10-30,,2416400,
2020-10-31,,2416500,
2020-11-01,,2416600,
2020-11-02,,2416600,
2020-11-03,,2416700,
2020-11-04,,2416700,
2020-11-05,,2416700,
2020-11-06,,2416700,
2020-11-07,,2416700,
2020-11-08,,2416700,
2020-11-09,,2416700,
2020-11-10,,2416900,
2020-11-11,,2416900,
2020-11-12,,2416900,
2020-11-13,,2416900,
2020-11-14,,2417000,
2020-11-15,,2417000,
2020-11-16,,2417000,
2020-11-17,,2417000,
2020-11-18,,2417000,
2020-11-19,,2417000,
