Date,PS3 player count,'',
2012-05-10,100,,
2012-05-11,100,,
2012-05-12,100,,
2012-05-13,100,,
2012-05-14,100,,
2012-05-15,200,,
2012-05-16,600,,
2012-05-17,700,,
2012-05-18,1000,,
2012-05-19,1200,,
2012-05-20,1700,,
2012-05-21,2100,,
2012-05-22,2200,,
2012-05-23,2600,,
2012-05-24,2900,,
2012-05-25,2900,,
2012-05-26,3300,,
2012-05-27,3500,,
2012-05-28,3700,,
2012-05-29,3700,,
2012-05-30,4000,,
2012-05-31,4100,,
2012-06-01,4300,,
2012-06-02,4400,,
2012-06-03,4500,,
2012-06-04,4700,,
2012-06-05,5000,,
2012-06-06,5300,,
2012-06-07,5600,,
2012-06-08,6000,,
2012-06-09,6200,,
2012-06-10,6500,,
2012-06-11,6900,,
2012-06-12,7300,,
2012-06-13,7600,,
2012-06-14,7800,,
2012-06-15,8000,,
2012-06-16,8200,,
2012-06-17,8800,,
2012-06-18,9100,,
2012-06-19,9400,,
2012-06-20,9700,,
2012-06-21,10000,,
2012-06-22,10300,,
2012-06-23,10700,,
2012-06-24,11300,,
2012-06-25,11500,,
2012-06-26,11700,,
2012-06-27,11800,,
2012-06-28,12100,,
2012-06-29,12200,,
2012-06-30,12600,,
2012-07-01,13100,,
2012-07-02,13500,,
2012-07-03,13900,,
2012-07-04,14100,,
2012-07-05,14200,,
2012-07-06,14300,,
2012-07-07,14900,,
2012-07-08,15300,,
2012-07-09,15500,,
2012-07-10,15900,,
2012-07-11,16100,,
2012-07-12,16300,,
2012-07-13,16500,,
2012-07-14,16800,,
2012-07-15,17400,,
2012-07-16,17600,,
2012-07-17,17900,,
2012-07-18,18000,,
2012-07-19,18200,,
2012-07-20,18200,,
2012-07-21,18800,,
2012-07-22,18800,,
2012-07-23,19200,,
2012-07-24,19500,,
2012-07-25,19600,,
2012-07-26,19800,,
2012-07-27,19900,,
2012-07-28,20000,,
2012-07-29,20300,,
2012-07-30,20500,,
2012-07-31,20700,,
2012-08-01,21100,,
2012-08-02,21300,,
2012-08-03,21600,,
2012-08-04,22100,,
2012-08-05,22200,,
2012-08-06,22400,,
2012-08-07,22800,,
2012-08-08,23100,,
2012-08-09,23400,,
2012-08-10,23700,,
2012-08-11,24000,,
2012-08-12,24400,,
2012-08-13,24600,,
2012-08-14,24800,,
2012-08-15,25200,,
2012-08-16,25200,,
2012-08-17,25600,,
2012-08-18,25700,,
2012-08-19,26000,,
2012-08-20,26000,,
2012-08-21,26400,,
2012-08-22,26400,,
2012-08-23,26600,,
2012-08-24,26800,,
2012-08-25,27000,,
2012-08-26,27400,,
2012-08-27,27700,,
2012-08-28,27800,,
2012-08-29,28200,,
2012-08-30,28400,,
2012-08-31,28600,,
2012-09-01,28900,,
2012-09-02,29000,,
2012-09-03,29400,,
2012-09-04,29500,,
2012-09-05,29700,,
2012-09-06,30000,,
2012-09-07,30300,,
2012-09-08,30700,,
2012-09-09,30900,,
2012-09-10,31000,,
2012-09-11,31000,,
2012-09-12,31300,,
2012-09-13,31400,,
2012-09-14,31500,,
2012-09-15,31500,,
2012-09-16,31900,,
2012-09-17,32300,,
2012-09-18,32400,,
2012-09-19,32400,,
2012-09-20,32600,,
2012-09-21,32700,,
2012-09-22,32900,,
2012-09-23,33000,,
2012-09-24,33200,,
2012-09-25,33300,,
2012-09-26,33500,,
2012-09-27,33500,,
2012-09-28,33800,,
2012-09-29,34200,,
2012-09-30,34400,,
2012-10-01,34600,,
2012-10-02,34800,,
2012-10-03,34900,,
2012-10-04,35200,,
2012-10-05,35400,,
2012-10-06,35500,,
2012-10-07,35600,,
2012-10-08,35900,,
2012-10-09,35900,,
2012-10-10,36000,,
2012-10-11,36200,,
2012-10-12,36300,,
2012-10-13,36600,,
2012-10-14,36600,,
2012-10-15,36700,,
2012-10-16,36900,,
2012-10-17,37100,,
2012-10-18,37300,,
2012-10-19,37600,,
2012-10-20,37700,,
2012-10-21,38100,,
2012-10-22,38100,,
2012-10-23,38200,,
2012-10-24,38500,,
2012-10-25,38500,,
2012-10-26,38900,,
2012-10-27,39200,,
2012-10-28,39400,,
2012-10-29,39900,,
2012-10-30,40200,,
2012-10-31,40300,,
2012-11-01,40400,,
2012-11-02,40700,,
2012-11-03,41000,,
2012-11-04,41300,,
2012-11-05,41500,,
2012-11-06,41600,,
2012-11-07,41700,,
2012-11-08,41900,,
2012-11-09,42000,,
2012-11-10,42300,,
2012-11-11,42400,,
2012-11-12,42500,,
2012-11-13,42600,,
2012-11-14,42800,,
2012-11-15,42900,,
2012-11-16,43300,,
2012-11-17,43600,,
2012-11-18,44000,,
2012-11-19,44200,,
2012-11-20,44500,,
2012-11-21,44700,,
2012-11-22,45000,,
2012-11-23,45100,,
2012-11-24,45300,,
2012-11-25,45600,,
2012-11-26,45900,,
2012-11-27,46200,,
2012-11-28,46400,,
2012-11-29,46500,,
2012-11-30,46700,,
2012-12-01,47000,,
2012-12-02,47200,,
2012-12-03,47400,,
2012-12-04,47600,,
2012-12-05,47800,,
2012-12-06,48000,,
2012-12-07,48200,,
2012-12-08,48300,,
2012-12-09,48500,,
2012-12-10,48600,,
2012-12-11,48700,,
2012-12-12,48800,,
2012-12-13,48900,,
2012-12-14,49100,,
2012-12-15,49300,,
2012-12-16,49500,,
2012-12-17,49500,,
2012-12-18,49700,,
2012-12-19,49700,,
2012-12-20,49700,,
2012-12-21,50000,,
2012-12-22,50300,,
2012-12-23,50700,,
2012-12-24,50800,,
2012-12-25,51100,,
2012-12-26,51500,,
2012-12-27,51800,,
2012-12-28,52300,,
2012-12-29,52500,,
2012-12-30,53100,,
2012-12-31,53200,,
2013-01-01,53800,,
2013-01-02,54300,,
2013-01-03,54500,,
2013-01-04,54800,,
2013-01-05,55000,,
2013-01-06,55400,,
2013-01-07,55600,,
2013-01-08,55900,,
2013-01-09,56100,,
2013-01-10,56400,,
2013-01-11,56600,,
2013-01-12,56900,,
2013-01-13,57300,,
2013-01-14,57600,,
2013-01-15,57700,,
2013-01-16,57800,,
2013-01-17,58100,,
2013-01-18,58300,,
2013-01-19,58600,,
2013-01-20,59000,,
2013-01-21,59100,,
2013-01-22,59300,,
2013-01-23,59500,,
2013-01-24,59500,,
2013-01-25,59800,,
2013-01-26,60000,,
2013-01-27,60400,,
2013-01-28,60600,,
2013-01-29,60700,,
2013-01-30,60900,,
2013-01-31,61000,,
2013-02-01,61400,,
2013-02-02,61500,,
2013-02-03,61900,,
2013-02-04,62200,,
2013-02-05,62400,,
2013-02-06,62500,,
2013-02-07,62700,,
2013-02-08,62900,,
2013-02-09,63200,,
2013-02-10,63500,,
2013-02-11,63700,,
2013-02-12,63900,,
2013-02-13,64300,,
2013-02-14,64300,,
2013-02-15,64600,,
2013-02-16,64800,,
2013-02-17,65000,,
2013-02-18,65300,,
2013-02-19,65400,,
2013-02-20,65500,,
2013-02-21,65600,,
2013-02-22,65800,,
2013-02-23,66000,,
2013-02-24,66200,,
2013-02-25,66200,,
2013-02-26,66500,,
2013-02-27,66600,,
2013-02-28,66800,,
2013-03-01,66900,,
2013-03-02,67200,,
2013-03-03,67300,,
2013-03-04,67400,,
2013-03-05,67500,,
2013-03-06,67600,,
2013-03-07,67800,,
2013-03-08,68300,,
2013-03-09,68400,,
2013-03-10,68900,,
2013-03-11,69200,,
2013-03-12,69200,,
2013-03-13,69500,,
2013-03-14,69700,,
2013-03-15,70000,,
2013-03-16,70100,,
2013-03-17,70400,,
2013-03-18,70600,,
2013-03-19,70800,,
2013-03-20,71000,,
2013-03-21,71000,,
2013-03-22,71200,,
2013-03-23,71300,,
2013-03-24,71500,,
2013-03-25,71600,,
2013-03-26,71700,,
2013-03-27,71900,,
2013-03-28,72000,,
2013-03-29,72200,,
2013-03-30,72300,,
2013-03-31,72500,,
2013-04-01,72700,,
2013-04-02,72800,,
2013-04-03,73000,,
2013-04-04,73100,,
2013-04-05,73400,,
2013-04-06,73600,,
2013-04-07,73900,,
2013-04-08,74000,,
2013-04-09,74400,,
2013-04-10,74700,,
2013-04-11,74800,,
2013-04-12,75000,,
2013-04-13,75100,,
2013-04-14,75300,,
2013-04-15,75400,,
2013-04-16,75400,,
2013-04-17,75600,,
2013-04-18,75800,,
2013-04-19,75900,,
2013-04-20,76100,,
2013-04-21,76300,,
2013-04-22,76400,,
2013-04-23,76500,,
2013-04-24,76600,,
2013-04-25,76700,,
2013-04-26,76800,,
2013-04-27,77000,,
2013-04-28,77100,,
2013-04-29,77400,,
2013-04-30,77500,,
2013-05-01,77700,,
2013-05-02,77800,,
2013-05-03,77900,,
2013-05-04,78100,,
2013-05-05,78400,,
2013-05-06,78900,,
2013-05-07,79000,,
2013-05-08,79000,,
2013-05-09,79200,,
2013-05-10,79600,,
2013-05-11,79700,,
2013-05-12,79800,,
2013-05-13,79800,,
2013-05-14,80000,,
2013-05-15,80100,,
2013-05-16,80200,,
2013-05-17,80400,,
2013-05-18,80600,,
2013-05-19,80800,,
2013-05-20,80800,,
2013-05-21,80900,,
2013-05-22,80900,,
2013-05-23,81100,,
2013-05-24,81400,,
2013-05-25,81500,,
2013-05-26,81600,,
2013-05-27,81900,,
2013-05-28,81900,,
2013-05-29,82100,,
2013-05-30,82200,,
2013-05-31,82400,,
2013-06-01,82600,,
2013-06-02,83300,,
2013-06-03,83400,,
2013-06-04,83500,,
2013-06-05,83700,,
2013-06-06,83800,,
2013-06-07,83900,,
2013-06-08,84200,,
2013-06-09,84500,,
2013-06-10,84800,,
2013-06-11,85000,,
2013-06-12,85100,,
2013-06-13,85400,,
2013-06-14,85500,,
2013-06-15,85800,,
2013-06-16,86000,,
2013-06-17,86100,,
2013-06-18,86500,,
2013-06-19,86600,,
2013-06-20,86900,,
2013-06-21,87200,,
2013-06-22,87500,,
2013-06-23,87900,,
2013-06-24,88000,,
2013-06-25,88100,,
2013-06-26,88500,,
2013-06-27,88800,,
2013-06-28,88900,,
2013-06-29,89200,,
2013-06-30,89400,,
2013-07-01,89500,,
2013-07-02,89700,,
2013-07-03,89800,,
2013-07-04,90000,,
2013-07-05,90100,,
2013-07-06,90100,,
2013-07-07,90400,,
2013-07-08,90700,,
2013-07-09,91000,,
2013-07-10,91200,,
2013-07-11,91200,,
2013-07-12,91400,,
2013-07-13,91500,,
2013-07-14,92000,,
2013-07-15,92300,,
2013-07-16,92400,,
2013-07-17,92600,,
2013-07-18,92700,,
2013-07-19,92900,,
2013-07-20,93100,,
2013-07-21,93300,,
2013-07-22,93500,,
2013-07-23,93600,,
2013-07-24,93900,,
2013-07-25,94100,,
2013-07-26,94300,,
2013-07-27,94400,,
2013-07-28,94500,,
2013-07-29,94600,,
2013-07-30,94800,,
2013-07-31,95000,,
2013-08-01,95200,,
2013-08-02,95300,,
2013-08-03,95400,,
2013-08-04,95400,,
2013-08-05,95700,,
2013-08-06,95700,,
2013-08-07,95900,,
2013-08-08,96100,,
2013-08-09,96300,,
2013-08-10,96500,,
2013-08-11,96800,,
2013-08-12,96800,,
2013-08-13,96900,,
2013-08-14,97000,,
2013-08-15,97100,,
2013-08-16,97200,,
2013-08-17,97400,,
2013-08-18,97500,,
2013-08-19,97700,,
2013-08-20,97800,,
2013-08-21,98000,,
2013-08-22,98300,,
2013-08-23,98300,,
2013-08-24,98400,,
2013-08-25,98700,,
2013-08-26,98800,,
2013-08-27,98900,,
2013-08-28,99100,,
2013-08-29,99200,,
2013-08-30,99300,,
2013-08-31,99300,,
2013-09-01,99600,,
2013-09-02,99700,,
2013-09-03,99800,,
2013-09-04,99900,,
2013-09-05,99900,,
2013-09-06,100100,,
2013-09-07,100200,,
2013-09-08,100500,,
2013-09-09,100800,,
2013-09-10,101000,,
2013-09-11,101200,,
2013-09-12,101400,,
2013-09-13,101600,,
2013-09-14,101900,,
2013-09-15,102000,,
2013-09-16,102100,,
2013-09-17,102300,,
2013-09-18,102300,,
2013-09-19,102600,,
2013-09-20,103000,,
2013-09-21,103100,,
2013-09-22,103400,,
2013-09-23,103400,,
2013-09-24,103400,,
2013-09-25,103400,,
2013-09-26,103600,,
2013-09-27,103700,,
2013-09-28,104000,,
2013-09-29,104100,,
2013-09-30,104300,,
2013-10-01,104700,,
2013-10-02,105000,,
2013-10-03,105100,,
2013-10-04,105300,,
2013-10-05,105500,,
2013-10-06,105800,,
2013-10-07,105900,,
2013-10-08,106100,,
2013-10-09,106100,,
2013-10-10,106300,,
2013-10-11,106500,,
2013-10-12,106500,,
2013-10-13,106700,,
2013-10-14,106800,,
2013-10-15,106900,,
2013-10-16,107000,,
2013-10-17,107300,,
2013-10-18,107400,,
2013-10-19,107700,,
2013-10-20,107700,,
2013-10-21,107800,,
2013-10-22,107900,,
2013-10-23,108100,,
2013-10-24,108300,,
2013-10-25,108400,,
2013-10-26,108500,,
2013-10-27,108600,,
2013-10-28,108600,,
2013-10-29,108800,,
2013-10-30,109000,,
2013-10-31,109100,,
2013-11-01,109200,,
2013-11-02,109400,,
2013-11-03,109500,,
2013-11-04,109900,,
2013-11-05,110100,,
2013-11-06,110100,,
2013-11-07,110300,,
2013-11-08,110400,,
2013-11-09,110500,,
2013-11-10,110600,,
2013-11-11,110800,,
2013-11-12,110900,,
2013-11-13,111000,,
2013-11-14,111000,,
2013-11-15,111200,,
2013-11-16,111500,,
2013-11-17,111700,,
2013-11-18,111700,,
2013-11-19,111800,,
2013-11-20,111900,,
2013-11-21,112000,,
2013-11-22,112300,,
2013-11-23,112500,,
2013-11-24,112700,,
2013-11-25,113000,,
2013-11-26,113100,,
2013-11-27,113100,,
2013-11-28,113200,,
2013-11-29,113400,,
2013-11-30,113700,,
2013-12-01,113900,,
2013-12-02,114000,,
2013-12-03,114200,,
2013-12-04,114200,,
2013-12-05,114300,,
2013-12-06,114400,,
2013-12-07,114600,,
2013-12-08,115000,,
2013-12-09,115200,,
2013-12-10,115300,,
2013-12-11,115400,,
2013-12-12,115400,,
2013-12-13,115600,,
2013-12-14,115800,,
2013-12-15,116100,,
2013-12-16,116300,,
2013-12-17,116400,,
2013-12-18,116400,,
2013-12-19,116500,,
2013-12-20,116600,,
2013-12-21,116800,,
2013-12-22,117000,,
2013-12-23,117200,,
2013-12-24,117300,,
2013-12-25,117600,,
2013-12-26,118000,,
2013-12-27,118100,,
2013-12-28,118300,,
2013-12-29,118500,,
2013-12-30,118800,,
2013-12-31,118900,,
2014-01-01,118900,,
2014-01-02,119200,,
2014-01-03,119600,,
2014-01-04,119800,,
2014-01-05,119900,,
2014-01-06,120200,,
2014-01-07,120200,,
2014-01-08,120400,,
2014-01-09,120500,,
2014-01-10,120500,,
2014-01-11,120700,,
2014-01-12,121000,,
2014-01-13,121300,,
2014-01-14,121400,,
2014-01-15,121500,,
2014-01-16,121600,,
2014-01-17,121600,,
2014-01-18,121900,,
2014-01-19,122200,,
2014-01-20,122300,,
2014-01-21,122500,,
2014-01-22,122600,,
2014-01-23,122700,,
2014-01-24,122800,,
2014-01-25,123000,,
2014-01-26,123200,,
2014-01-27,123200,,
2014-01-28,123400,,
2014-01-29,123400,,
2014-01-30,123500,,
2014-01-31,123700,,
2014-02-01,123900,,
2014-02-02,124100,,
2014-02-03,124200,,
2014-02-04,124200,,
2014-02-05,124500,,
2014-02-06,124600,,
2014-02-07,124800,,
2014-02-08,124800,,
2014-02-09,125100,,
2014-02-10,125200,,
2014-02-11,125500,,
2014-02-12,125600,,
2014-02-13,125800,,
2014-02-14,125900,,
2014-02-15,126000,,
2014-02-16,126000,,
2014-02-17,126200,,
2014-02-18,126300,,
2014-02-19,126400,,
2014-02-20,126500,,
2014-02-21,126600,,
2014-02-22,126700,,
2014-02-23,127000,,
2014-02-24,127100,,
2014-02-25,127600,,
2014-02-26,127700,,
2014-02-27,127700,,
2014-02-28,127800,,
2014-03-01,128000,,
2014-03-02,128300,,
2014-03-03,128500,,
2014-03-04,128700,,
2014-03-05,129000,,
2014-03-06,129100,,
2014-03-07,129100,,
2014-03-08,129300,,
2014-03-09,129500,,
2014-03-10,129600,,
2014-03-11,129700,,
2014-03-12,129800,,
2014-03-13,129900,,
2014-03-14,130100,,
2014-03-15,130300,,
2014-03-16,130400,,
2014-03-17,130600,,
2014-03-18,130800,,
2014-03-19,130900,,
2014-03-20,130900,,
2014-03-21,131000,,
2014-03-22,131100,,
2014-03-23,131200,,
2014-03-24,131600,,
2014-03-25,131700,,
2014-03-26,131800,,
2014-03-27,131900,,
2014-03-28,132100,,
2014-03-29,132500,,
2014-03-30,132600,,
2014-03-31,132900,,
2014-04-01,132900,,
2014-04-02,132900,,
2014-04-03,133000,,
2014-04-04,133200,,
2014-04-05,133400,,
2014-04-06,133500,,
2014-04-07,133600,,
2014-04-08,133800,,
2014-04-09,134000,,
2014-04-10,134200,,
2014-04-11,134300,,
2014-04-12,134500,,
2014-04-13,134800,,
2014-04-14,134900,,
2014-04-15,135100,,
2014-04-16,135300,,
2014-04-17,135400,,
2014-04-18,135600,,
2014-04-19,135800,,
2014-04-20,136100,,
2014-04-21,136100,,
2014-04-22,136200,,
2014-04-23,136400,,
2014-04-24,136500,,
2014-04-25,136800,,
2014-04-26,136900,,
2014-04-27,137200,,
2014-04-28,137500,,
2014-04-29,137800,,
2014-04-30,137900,,
2014-05-01,138200,,
2014-05-02,138400,,
2014-05-03,138600,,
2014-05-04,138900,,
2014-05-05,139200,,
2014-05-06,139300,,
2014-05-07,139400,,
2014-05-08,139600,,
2014-05-09,139800,,
2014-05-10,140000,,
2014-05-11,140100,,
2014-05-12,140200,,
2014-05-13,140400,,
2014-05-14,140800,,
2014-05-15,140900,,
2014-05-16,141000,,
2014-05-17,141400,,
2014-05-18,141500,,
2014-05-19,141700,,
2014-05-20,141800,,
2014-05-21,141800,,
2014-05-22,142200,,
2014-05-23,142300,,
2014-05-24,142500,,
2014-05-25,142900,,
2014-05-26,143000,,
2014-05-27,143300,,
2014-05-28,143600,,
2014-05-29,143900,,
2014-05-30,144200,,
2014-05-31,144300,,
2014-06-01,144600,,
2014-06-02,144700,,
2014-06-03,144900,,
2014-06-04,145200,,
2014-06-05,145300,,
2014-06-06,145400,,
2014-06-07,145500,,
2014-06-08,145800,,
2014-06-09,146100,,
2014-06-10,146300,,
2014-06-11,146400,,
2014-06-12,146500,,
2014-06-13,146700,,
2014-06-14,146700,,
2014-06-15,147000,,
2014-06-16,147400,,
2014-06-17,147500,,
2014-06-18,147700,,
2014-06-19,148000,,
2014-06-20,148200,,
2014-06-21,148300,,
2014-06-22,148400,,
2014-06-23,148600,,
2014-06-24,148600,,
2014-06-25,148800,,
2014-06-26,149200,,
2014-06-27,149300,,
2014-06-28,149400,,
2014-06-29,149500,,
2014-06-30,149700,,
2014-07-01,149800,,
2014-07-02,150100,,
2014-07-03,150200,,
2014-07-04,150400,,
2014-07-05,150600,,
2014-07-06,150700,,
2014-07-07,150800,,
2014-07-08,150800,,
2014-07-09,150900,,
2014-07-10,151000,,
2014-07-11,151100,,
2014-07-12,151200,,
2014-07-13,151400,,
2014-07-14,151500,,
2014-07-15,151600,,
2014-07-16,151900,,
2014-07-17,152100,,
2014-07-18,152300,,
2014-07-19,152500,,
2014-07-20,152700,,
2014-07-21,152800,,
2014-07-22,153100,,
2014-07-23,153200,,
2014-07-24,153500,,
2014-07-25,153600,,
2014-07-26,153600,,
2014-07-27,153900,,
2014-07-28,154400,,
2014-07-29,154600,,
2014-07-30,154700,,
2014-07-31,154700,,
2014-08-01,154800,,
2014-08-02,155000,,
2014-08-03,155000,,
2014-08-04,155200,,
2014-08-05,155300,,
2014-08-06,155600,,
2014-08-07,155700,,
2014-08-08,155800,,
2014-08-09,156000,,
2014-08-10,156200,,
2014-08-11,156300,,
2014-08-12,156400,,
2014-08-13,156600,,
2014-08-14,156600,,
2014-08-15,157100,,
2014-08-16,157200,,
2014-08-17,157300,,
2014-08-18,157600,,
2014-08-19,157800,,
2014-08-20,158000,,
2014-08-21,158100,,
2014-08-22,158200,,
2014-08-23,158400,,
2014-08-24,158500,,
2014-08-25,158600,,
2014-08-26,158700,,
2014-08-27,158800,,
2014-08-28,159100,,
2014-08-29,159200,,
2014-08-30,159400,,
2014-08-31,159600,,
2014-09-01,159800,,
2014-09-02,159900,,
2014-09-03,159900,,
2014-09-04,160000,,
2014-09-05,160000,,
2014-09-06,160200,,
2014-09-07,160400,,
2014-09-08,160500,,
2014-09-09,160600,,
2014-09-10,160700,,
2014-09-11,160800,,
2014-09-12,161000,,
2014-09-13,161200,,
2014-09-14,161500,,
2014-09-15,161500,,
2014-09-16,161500,,
2014-09-17,161500,,
2014-09-18,161600,,
2014-09-19,161800,,
2014-09-20,162100,,
2014-09-21,162100,,
2014-09-22,162100,,
2014-09-23,162100,,
2014-09-24,162200,,
2014-09-25,162300,,
2014-09-26,162400,,
2014-09-27,162600,,
2014-09-28,162700,,
2014-09-29,162900,,
2014-09-30,163100,,
2014-10-01,163400,,
2014-10-02,163400,,
2014-10-03,163500,,
2014-10-04,163700,,
2014-10-05,163700,,
2014-10-06,164000,,
2014-10-07,164000,,
2014-10-08,164200,,
2014-10-09,164300,,
2014-10-10,164400,,
2014-10-11,164600,,
2014-10-12,164700,,
2014-10-13,164800,,
2014-10-14,165000,,
2014-10-15,165200,,
2014-10-16,165200,,
2014-10-17,165300,,
2014-10-18,165300,,
2014-10-19,165400,,
2014-10-20,165600,,
2014-10-21,165700,,
2014-10-22,165800,,
2014-10-23,165900,,
2014-10-24,165900,,
2014-10-25,166000,,
2014-10-26,166100,,
2014-10-27,166200,,
2014-10-28,166200,,
2014-10-29,166400,,
2014-10-30,166500,,
2014-10-31,166500,,
2014-11-01,166600,,
2014-11-02,166700,,
2014-11-03,166700,,
2014-11-04,166900,,
2014-11-05,167000,,
2014-11-06,167000,,
2014-11-07,167200,,
2014-11-08,167200,,
2014-11-09,167300,,
2014-11-10,167300,,
2014-11-11,167500,,
2014-11-12,167600,,
2014-11-13,167700,,
2014-11-14,167700,,
2014-11-15,167900,,
2014-11-16,168000,,
2014-11-17,168100,,
2014-11-18,168300,,
2014-11-19,168300,,
2014-11-20,168400,,
2014-11-21,168500,,
2014-11-22,168600,,
2014-11-23,168700,,
2014-11-24,168700,,
2014-11-25,168700,,
2014-11-26,168800,,
2014-11-27,169000,,
2014-11-28,169100,,
2014-11-29,169300,,
2014-11-30,169400,,
2014-12-01,169400,,
2014-12-02,169500,,
2014-12-03,169600,,
2014-12-04,169600,,
2014-12-05,169700,,
2014-12-06,169900,,
2014-12-07,169900,,
2014-12-08,170000,,
2014-12-09,170000,,
2014-12-10,170200,,
2014-12-11,170300,,
2014-12-12,170300,,
2014-12-13,170400,,
2014-12-14,170500,,
2014-12-15,170700,,
2014-12-16,170800,,
2014-12-17,170900,,
2014-12-18,171000,,
2014-12-19,171100,,
2014-12-20,171200,,
2014-12-21,171300,,
2014-12-22,171400,,
2014-12-23,171400,,
2014-12-24,171500,,
2014-12-25,171600,,
2014-12-26,171600,,
2014-12-27,171600,,
2014-12-28,171800,,
2014-12-29,172000,,
2014-12-30,172100,,
2014-12-31,172100,,
2015-01-01,172200,,
2015-01-02,172400,,
2015-01-03,172600,,
2015-01-04,172800,,
2015-01-05,172800,,
2015-01-06,173000,,
2015-01-07,173100,,
2015-01-08,173300,,
2015-01-09,173400,,
2015-01-10,173700,,
2015-01-11,173900,,
2015-01-12,174100,,
2015-01-13,174100,,
2015-01-14,174300,,
2015-01-15,174400,,
2015-01-16,174500,,
2015-01-17,174500,,
2015-01-18,174700,,
2015-01-19,174800,,
2015-01-20,174900,,
2015-01-21,175000,,
2015-01-22,175200,,
2015-01-23,175300,,
2015-01-24,175400,,
2015-01-25,175500,,
2015-01-26,175700,,
2015-01-27,175700,,
2015-01-28,175700,,
2015-01-29,175900,,
2015-01-30,176000,,
2015-01-31,176200,,
2015-02-01,176300,,
2015-02-02,176300,,
2015-02-03,176400,,
2015-02-04,176400,,
2015-02-05,176600,,
2015-02-06,176600,,
2015-02-07,176700,,
2015-02-08,176900,,
2015-02-09,177100,,
2015-02-10,177100,,
2015-02-11,177100,,
2015-02-12,177200,,
2015-02-13,177200,,
2015-02-14,177200,,
2015-02-15,177300,,
2015-02-16,177300,,
2015-02-17,177500,,
2015-02-18,177500,,
2015-02-19,177600,,
2015-02-20,177600,,
2015-02-21,177900,,
2015-02-22,178000,,
2015-02-23,178200,,
2015-02-24,178300,,
2015-02-25,178400,,
2015-02-26,178600,,
2015-02-27,178800,,
2015-02-28,179000,,
2015-03-01,179200,,
2015-03-02,179300,,
2015-03-03,179300,,
2015-03-04,179400,,
2015-03-05,179500,,
2015-03-06,179500,,
2015-03-07,179800,,
2015-03-08,180000,,
2015-03-09,180200,,
2015-03-10,180200,,
2015-03-11,180300,,
2015-03-12,180300,,
2015-03-13,180400,,
2015-03-14,180500,,
2015-03-15,180600,,
2015-03-16,180700,,
2015-03-17,180800,,
2015-03-18,181000,,
2015-03-19,181100,,
2015-03-20,181200,,
2015-03-21,181600,,
2015-03-22,182500,,
2015-03-23,183300,,
2015-03-24,184100,,
2015-03-25,184500,,
2015-03-26,184900,,
2015-03-27,185300,,
2015-03-28,186000,,
2015-03-29,186300,,
2015-03-30,186600,,
2015-03-31,186700,,
2015-04-01,186900,,
2015-04-02,187000,,
2015-04-03,187400,,
2015-04-04,187700,,
2015-04-05,188000,,
2015-04-06,188300,,
2015-04-07,188500,,
2015-04-08,188700,,
2015-04-09,188900,,
2015-04-10,189000,,
2015-04-11,189400,,
2015-04-12,189700,,
2015-04-13,189900,,
2015-04-14,190000,,
2015-04-15,190000,,
2015-04-16,190100,,
2015-04-17,190400,,
2015-04-18,190600,,
2015-04-19,191000,,
2015-04-20,191000,,
2015-04-21,191100,,
2015-04-22,191200,,
2015-04-23,191400,,
2015-04-24,191600,,
2015-04-25,192000,,
2015-04-26,192400,,
2015-04-27,192500,,
2015-04-28,192800,,
2015-04-29,192900,,
2015-04-30,193000,,
2015-05-01,193200,,
2015-05-02,193300,,
2015-05-03,193300,,
2015-05-04,193500,,
2015-05-05,193700,,
2015-05-06,193900,,
2015-05-07,194000,,
2015-05-08,194100,,
2015-05-09,194400,,
2015-05-10,194600,,
2015-05-11,194600,,
2015-05-12,194700,,
2015-05-13,194700,,
2015-05-14,194800,,
2015-05-15,195100,,
2015-05-16,195200,,
2015-05-17,195400,,
2015-05-18,195600,,
2015-05-19,195700,,
2015-05-20,195800,,
2015-05-21,195800,,
2015-05-22,195800,,
2015-05-23,195900,,
2015-05-24,196100,,
2015-05-25,196300,,
2015-05-26,196500,,
2015-05-27,196600,,
2015-05-28,196700,,
2015-05-29,196800,,
2015-05-30,196900,,
2015-05-31,197000,,
2015-06-01,197200,,
2015-06-02,197200,,
2015-06-03,197300,,
2015-06-04,197400,,
2015-06-05,197600,,
2015-06-06,197800,,
2015-06-07,197900,,
2015-06-08,198000,,
2015-06-09,198100,,
2015-06-10,198200,,
2015-06-11,198200,,
2015-06-12,198300,,
2015-06-13,198400,,
2015-06-14,198600,,
2015-06-15,198600,,
2015-06-16,198700,,
2015-06-17,198800,,
2015-06-18,198900,,
2015-06-19,199000,,
2015-06-20,199200,,
2015-06-21,199400,,
2015-06-22,199600,,
2015-06-23,199600,,
2015-06-24,199700,,
2015-06-25,199800,,
2015-06-26,199900,,
2015-06-27,200100,,
2015-06-28,200300,,
2015-06-29,200400,,
2015-06-30,200500,,
2015-07-01,200700,,
2015-07-02,200800,,
2015-07-03,200800,,
2015-07-04,201000,,
2015-07-05,201100,,
2015-07-06,201100,,
2015-07-07,201200,,
2015-07-08,201300,,
2015-07-09,201400,,
2015-07-10,201500,,
2015-07-11,201700,,
2015-07-12,201700,,
2015-07-13,201900,,
2015-07-14,202000,,
2015-07-15,202100,,
2015-07-16,202200,,
2015-07-17,202300,,
2015-07-18,202400,,
2015-07-19,202400,,
2015-07-20,202500,,
2015-07-21,202700,,
2015-07-22,202800,,
2015-07-23,202800,,
2015-07-24,202900,,
2015-07-25,203000,,
2015-07-26,203100,,
2015-07-27,203200,,
2015-07-28,203300,,
2015-07-29,203500,,
2015-07-30,203600,,
2015-07-31,203700,,
2015-08-01,203900,,
2015-08-02,203900,,
2015-08-03,204000,,
2015-08-04,204100,,
2015-08-05,204100,,
2015-08-06,204100,,
2015-08-07,204100,,
2015-08-08,204300,,
2015-08-09,204400,,
2015-08-10,204400,,
2015-08-11,204400,,
2015-08-12,204400,,
2015-08-13,204600,,
2015-08-14,204700,,
2015-08-15,204700,,
2015-08-16,204900,,
2015-08-17,204900,,
2015-08-18,205100,,
2015-08-19,205200,,
2015-08-20,205200,,
2015-08-21,205200,,
2015-08-22,205400,,
2015-08-23,205600,,
2015-08-24,205600,,
2015-08-25,205700,,
2015-08-26,205700,,
2015-08-27,205900,,
2015-08-28,206000,,
2015-08-29,206100,,
2015-08-30,206200,,
2015-08-31,206200,,
2015-09-01,206300,,
2015-09-02,206300,,
2015-09-03,206300,,
2015-09-04,206400,,
2015-09-05,206400,,
2015-09-06,206400,,
2015-09-07,206400,,
2015-09-08,206500,,
2015-09-09,206600,,
2015-09-10,206700,,
2015-09-11,206700,,
2015-09-12,206700,,
2015-09-13,206700,,
2015-09-14,206900,,
2015-09-15,207000,,
2015-09-16,207000,,
2015-09-17,207100,,
2015-09-18,207100,,
2015-09-19,207200,,
2015-09-20,207200,,
2015-09-21,207300,,
2015-09-22,207500,,
2015-09-23,207600,,
2015-09-24,207600,,
2015-09-25,207700,,
2015-09-26,207800,,
2015-09-27,207900,,
2015-09-28,208000,,
2015-09-29,208000,,
2015-09-30,208100,,
2015-10-01,208200,,
2015-10-02,208200,,
2015-10-03,208200,,
2015-10-04,208300,,
2015-10-05,208400,,
2015-10-06,208400,,
2015-10-07,208400,,
2015-10-08,208500,,
2015-10-09,208500,,
2015-10-10,208600,,
2015-10-11,208600,,
2015-10-12,208600,,
2015-10-13,208600,,
2015-10-14,208700,,
2015-10-15,208700,,
2015-10-16,208800,,
2015-10-17,208900,,
2015-10-18,208900,,
2015-10-19,209000,,
2015-10-20,209000,,
2015-10-21,209000,,
2015-10-22,209100,,
2015-10-23,209200,,
2015-10-24,209300,,
2015-10-25,209400,,
2015-10-26,209400,,
2015-10-27,209500,,
2015-10-28,209600,,
2015-10-29,209800,,
2015-10-30,209800,,
2015-10-31,209800,,
2015-11-01,209800,,
2015-11-02,209900,,
2015-11-03,209900,,
2015-11-04,210000,,
2015-11-05,210100,,
2015-11-06,210100,,
2015-11-07,210200,,
2015-11-08,210300,,
2015-11-09,210400,,
2015-11-10,210400,,
2015-11-11,210400,,
2015-11-12,210600,,
2015-11-13,210600,,
2015-11-14,210700,,
2015-11-15,210700,,
2015-11-16,210900,,
2015-11-17,210900,,
2015-11-18,210900,,
2015-11-19,211100,,
2015-11-20,211200,,
2015-11-21,211400,,
2015-11-22,211600,,
2015-11-23,211600,,
2015-11-24,211600,,
2015-11-25,211700,,
2015-11-26,211900,,
2015-11-27,211900,,
2015-11-28,211900,,
2015-11-29,212100,,
2015-11-30,212100,,
2015-12-01,212100,,
2015-12-02,212200,,
2015-12-03,212200,,
2015-12-04,212400,,
2015-12-05,212500,,
2015-12-06,212800,,
2015-12-07,212800,,
2015-12-08,213000,,
2015-12-09,213000,,
2015-12-10,213000,,
2015-12-11,213100,,
2015-12-12,213300,,
2015-12-13,213300,,
2015-12-14,213500,,
2015-12-15,213600,,
2015-12-16,213800,,
2015-12-17,213900,,
2015-12-18,213900,,
2015-12-19,214000,,
2015-12-20,214100,,
2015-12-21,214200,,
2015-12-22,214200,,
2015-12-23,214400,,
2015-12-24,214400,,
2015-12-25,214600,,
2015-12-26,214700,,
2015-12-27,214900,,
2015-12-28,215000,,
2015-12-29,215100,,
2015-12-30,215200,,
2015-12-31,215400,,
2016-01-01,215500,,
2016-01-02,215600,,
2016-01-03,215800,,
2016-01-04,215800,,
2016-01-05,216000,,
2016-01-06,216000,,
2016-01-07,216100,,
2016-01-08,216100,,
2016-01-09,216200,,
2016-01-10,216400,,
2016-01-11,216400,,
2016-01-12,216400,,
2016-01-13,216500,,
2016-01-14,216600,,
2016-01-15,216600,,
2016-01-16,216600,,
2016-01-17,216600,,
2016-01-18,216700,,
2016-01-19,216800,,
2016-01-20,216800,,
2016-01-21,216800,,
2016-01-22,216800,,
2016-01-23,216800,,
2016-01-24,216900,,
2016-01-25,216900,,
2016-01-26,216900,,
2016-01-27,217100,,
2016-01-28,217200,,
2016-01-29,217200,,
2016-01-30,217200,,
2016-01-31,217200,,
2016-02-01,217300,,
2016-02-02,217500,,
2016-02-03,217500,,
2016-02-04,217500,,
2016-02-05,217500,,
2016-02-06,217600,,
2016-02-07,217700,,
2016-02-08,217700,,
2016-02-09,217700,,
2016-02-10,217800,,
2016-02-11,217900,,
2016-02-12,218000,,
2016-02-13,218200,,
2016-02-14,218200,,
2016-02-15,218400,,
2016-02-16,218500,,
2016-02-17,218700,,
2016-02-18,218800,,
2016-02-19,218800,,
2016-02-20,218900,,
2016-02-21,219000,,
2016-02-22,219000,,
2016-02-23,219100,,
2016-02-24,219100,,
2016-02-25,219100,,
2016-02-26,219100,,
2016-02-27,219200,,
2016-02-28,219300,,
2016-02-29,219300,,
2016-03-01,219300,,
2016-03-02,219400,,
2016-03-03,219500,,
2016-03-04,219500,,
2016-03-05,219600,,
2016-03-06,219800,,
2016-03-07,219900,,
2016-03-08,220000,,
2016-03-09,220000,,
2016-03-10,220100,,
2016-03-11,220100,,
2016-03-12,220100,,
2016-03-13,220200,,
2016-03-14,220200,,
2016-03-15,220300,,
2016-03-16,220300,,
2016-03-17,220300,,
2016-03-18,220400,,
2016-03-19,220400,,
2016-03-20,220400,,
2016-03-21,220500,,
2016-03-22,220600,,
2016-03-23,220700,,
2016-03-24,220700,,
2016-03-25,220800,,
2016-03-26,220800,,
2016-03-27,220900,,
2016-03-28,220900,,
2016-03-29,220900,,
2016-03-30,221000,,
2016-03-31,221000,,
2016-04-01,221100,,
2016-04-02,221200,,
2016-04-03,221200,,
2016-04-04,221200,,
2016-04-05,221300,,
2016-04-06,221300,,
2016-04-07,221400,,
2016-04-08,221600,,
2016-04-09,221600,,
2016-04-10,221600,,
2016-04-11,221600,,
2016-04-12,221600,,
2016-04-13,221700,,
2016-04-14,221700,,
2016-04-15,221700,,
2016-04-16,222000,,
2016-04-17,222000,,
2016-04-18,222100,,
2016-04-19,222200,,
2016-04-20,222300,,
2016-04-21,222300,,
2016-04-22,222300,,
2016-04-23,222300,,
2016-04-24,222400,,
2016-04-25,222400,,
2016-04-26,222400,,
2016-04-27,222500,,
2016-04-28,222600,,
2016-04-29,222600,,
2016-04-30,222600,,
2016-05-01,222600,,
2016-05-02,222600,,
2016-05-03,222700,,
2016-05-04,222900,,
2016-05-05,222900,,
2016-05-06,223000,,
2016-05-07,223000,,
2016-05-08,223100,,
2016-05-09,223100,,
2016-05-10,223200,,
2016-05-11,223300,,
2016-05-12,223400,,
2016-05-13,223400,,
2016-05-14,223500,,
2016-05-15,223500,,
2016-05-16,223600,,
2016-05-17,223700,,
2016-05-18,223700,,
2016-05-19,223700,,
2016-05-20,223900,,
2016-05-21,224000,,
2016-05-22,224100,,
2016-05-23,224100,,
2016-05-24,224100,,
2016-05-25,224100,,
2016-05-26,224100,,
2016-05-27,224100,,
2016-05-28,224200,,
2016-05-29,224300,,
2016-05-30,224400,,
2016-05-31,224500,,
2016-06-01,224600,,
2016-06-02,224600,,
2016-06-03,224600,,
2016-06-04,224600,,
2016-06-05,224800,,
2016-06-06,224800,,
2016-06-07,224900,,
2016-06-08,225000,,
2016-06-09,225000,,
2016-06-10,225000,,
2016-06-11,225000,,
2016-06-12,225100,,
2016-06-13,225100,,
2016-06-14,225100,,
2016-06-15,225200,,
2016-06-16,225200,,
2016-06-17,225200,,
2016-06-18,225200,,
2016-06-19,225200,,
2016-06-20,225400,,
2016-06-21,225400,,
2016-06-22,225400,,
2016-06-23,225600,,
2016-06-24,225600,,
2016-06-25,225600,,
2016-06-26,225700,,
2016-06-27,225800,,
2016-06-28,225900,,
2016-06-29,225900,,
2016-06-30,225900,,
2016-07-01,225900,,
2016-07-02,226000,,
2016-07-03,226100,,
2016-07-04,226100,,
2016-07-05,226100,,
2016-07-06,226200,,
2016-07-07,226300,,
2016-07-08,226300,,
2016-07-09,226400,,
2016-07-10,226500,,
2016-07-11,226600,,
2016-07-12,226600,,
2016-07-13,226700,,
2016-07-14,226700,,
2016-07-15,226700,,
2016-07-16,226800,,
2016-07-17,226800,,
2016-07-18,226800,,
2016-07-19,226800,,
2016-07-20,226900,,
2016-07-21,227100,,
2016-07-22,227200,,
2016-07-23,227300,,
2016-07-24,227400,,
2016-07-25,227400,,
2016-07-26,227400,,
2016-07-27,227600,,
2016-07-28,227700,,
2016-07-29,227800,,
2016-07-30,227800,,
2016-07-31,227800,,
2016-08-01,227900,,
2016-08-02,228000,,
2016-08-03,228100,,
2016-08-04,228200,,
2016-08-05,228200,,
2016-08-06,228300,,
2016-08-07,228400,,
2016-08-08,228400,,
2016-08-09,228500,,
2016-08-10,228500,,
2016-08-11,228600,,
2016-08-12,228600,,
2016-08-13,228700,,
2016-08-14,228800,,
2016-08-15,228800,,
2016-08-16,228800,,
2016-08-17,228900,,
2016-08-18,228900,,
2016-08-19,228900,,
2016-08-20,228900,,
2016-08-21,229000,,
2016-08-22,229100,,
2016-08-23,229100,,
2016-08-24,229200,,
2016-08-25,229200,,
2016-08-26,229200,,
2016-08-27,229200,,
2016-08-28,229300,,
2016-08-29,229300,,
2016-08-30,229400,,
2016-08-31,229500,,
2016-09-01,229500,,
2016-09-02,229600,,
2016-09-03,229700,,
2016-09-04,229700,,
2016-09-05,229700,,
2016-09-06,229700,,
2016-09-07,229700,,
2016-09-08,229800,,
2016-09-09,229800,,
2016-09-10,229800,,
2016-09-11,229800,,
2016-09-12,229800,,
2016-09-13,229800,,
2016-09-14,229900,,
2016-09-15,229900,,
2016-09-16,230000,,
2016-09-17,230000,,
2016-09-18,230100,,
2016-09-19,230200,,
2016-09-20,230200,,
2016-09-21,230200,,
2016-09-22,230300,,
2016-09-23,230300,,
2016-09-24,230300,,
2016-09-25,230500,,
2016-09-26,230500,,
2016-09-27,230500,,
2016-09-28,230600,,
2016-09-29,230600,,
2016-09-30,230600,,
2016-10-01,230600,,
2016-10-02,230600,,
2016-10-03,230700,,
2016-10-04,230700,,
2016-10-05,230800,,
2016-10-06,230800,,
2016-10-07,230900,,
2016-10-08,231000,,
2016-10-09,231000,,
2016-10-10,231100,,
2016-10-11,231100,,
2016-10-12,231100,,
2016-10-13,231100,,
2016-10-14,231100,,
2016-10-15,231200,,
2016-10-16,231200,,
2016-10-17,231300,,
2016-10-18,231400,,
2016-10-19,231400,,
2016-10-20,231500,,
2016-10-21,231500,,
2016-10-22,231500,,
2016-10-23,231600,,
2016-10-24,231700,,
2016-10-25,231800,,
2016-10-26,231900,,
2016-10-27,231900,,
2016-10-28,232000,,
2016-10-29,232000,,
2016-10-30,232000,,
2016-10-31,232000,,
2016-11-01,232000,,
2016-11-02,232100,,
2016-11-03,232100,,
2016-11-04,232100,,
2016-11-05,232100,,
2016-11-06,232100,,
2016-11-07,232100,,
2016-11-08,232200,,
2016-11-09,232200,,
2016-11-10,232200,,
2016-11-11,232400,,
2016-11-12,232400,,
2016-11-13,232500,,
2016-11-14,232500,,
2016-11-15,232600,,
2016-11-16,232700,,
2016-11-17,232700,,
2016-11-18,232800,,
2016-11-19,232800,,
2016-11-20,232900,,
2016-11-21,233000,,
2016-11-22,233100,,
2016-11-23,233200,,
2016-11-24,233200,,
2016-11-25,233300,,
2016-11-26,233300,,
2016-11-27,233300,,
2016-11-28,233300,,
2016-11-29,233400,,
2016-11-30,233400,,
2016-12-01,233500,,
2016-12-02,233600,,
2016-12-03,233600,,
2016-12-04,233600,,
2016-12-05,233700,,
2016-12-06,233700,,
2016-12-07,233900,,
2016-12-08,233900,,
2016-12-09,233900,,
2016-12-10,233900,,
2016-12-11,233900,,
2016-12-12,234000,,
2016-12-13,234000,,
2016-12-14,234000,,
2016-12-15,234000,,
2016-12-16,234100,,
2016-12-17,234200,,
2016-12-18,234200,,
2016-12-19,234200,,
2016-12-20,234300,,
2016-12-21,234300,,
2016-12-22,234300,,
2016-12-23,234400,,
2016-12-24,234500,,
2016-12-25,234500,,
2016-12-26,234500,,
2016-12-27,234600,,
2016-12-28,234700,,
2016-12-29,234800,,
2016-12-30,234900,,
2016-12-31,235100,,
2017-01-01,235200,,
2017-01-02,235200,,
2017-01-03,235300,,
2017-01-04,235400,,
2017-01-05,235400,,
2017-01-06,235500,,
2017-01-07,235600,,
2017-01-08,235600,,
2017-01-09,235600,,
2017-01-10,235700,,
2017-01-11,235700,,
2017-01-12,235700,,
2017-01-13,235700,,
2017-01-14,235800,,
2017-01-15,235900,,
2017-01-16,235900,,
2017-01-17,235900,,
2017-01-18,235900,,
2017-01-19,235900,,
2017-01-20,235900,,
2017-01-21,236000,,
2017-01-22,236000,,
2017-01-23,236000,,
2017-01-24,236000,,
2017-01-25,236000,,
2017-01-26,236100,,
2017-01-27,236100,,
2017-01-28,236100,,
2017-01-29,236200,,
2017-01-30,236200,,
2017-01-31,236300,,
2017-02-01,236300,,
2017-02-02,236300,,
2017-02-03,236400,,
2017-02-04,236500,,
2017-02-05,236500,,
2017-02-06,236500,,
2017-02-07,236600,,
2017-02-08,236600,,
2017-02-09,236600,,
2017-02-10,236700,,
2017-02-11,236700,,
2017-02-12,236700,,
2017-02-13,236700,,
2017-02-14,236800,,
2017-02-15,236900,,
2017-02-16,236900,,
2017-02-17,236900,,
2017-02-18,236900,,
2017-02-19,237000,,
2017-02-20,237100,,
2017-02-21,237200,,
2017-02-22,237200,,
2017-02-23,237400,,
2017-02-24,237500,,
2017-02-25,237500,,
2017-02-26,237500,,
2017-02-27,237600,,
2017-02-28,237600,,
2017-03-01,237600,,
2017-03-02,237600,,
2017-03-03,237600,,
2017-03-04,237700,,
2017-03-05,237700,,
2017-03-06,237700,,
2017-03-07,237700,,
2017-03-08,237700,,
2017-03-09,237700,,
2017-03-10,237700,,
2017-03-11,237700,,
2017-03-12,237800,,
2017-03-13,237800,,
2017-03-14,237800,,
2017-03-15,237800,,
2017-03-16,237900,,
2017-03-17,237900,,
2017-03-18,238000,,
2017-03-19,238100,,
2017-03-20,238200,,
2017-03-21,238200,,
2017-03-22,238300,,
2017-03-23,238300,,
2017-03-24,238300,,
2017-03-25,238400,,
2017-03-26,238500,,
2017-03-27,238500,,
2017-03-28,238500,,
2017-03-29,238600,,
2017-03-30,238600,,
2017-03-31,238700,,
2017-04-01,238700,,
2017-04-02,238800,,
2017-04-03,238800,,
2017-04-04,238900,,
2017-04-05,238900,,
2017-04-06,238900,,
2017-04-07,238900,,
2017-04-08,238900,,
2017-04-09,238900,,
2017-04-10,238900,,
2017-04-11,239000,,
2017-04-12,239000,,
2017-04-13,239000,,
2017-04-14,239000,,
2017-04-15,239000,,
2017-04-16,239000,,
2017-04-17,239000,,
2017-04-18,239000,,
2017-04-19,239000,,
2017-04-20,239100,,
2017-04-21,239100,,
2017-04-22,239100,,
2017-04-23,239100,,
2017-04-24,239100,,
2017-04-25,239100,,
2017-04-26,239100,,
2017-04-27,239100,,
2017-04-28,239100,,
2017-04-29,239100,,
2017-04-30,239200,,
2017-05-01,239200,,
2017-05-02,239200,,
2017-05-03,239200,,
2017-05-04,239200,,
2017-05-05,239200,,
2017-05-06,239200,,
2017-05-07,239200,,
2017-05-08,239200,,
2017-05-09,239300,,
2017-05-10,239300,,
2017-05-11,239400,,
2017-05-12,239500,,
2017-05-13,239500,,
2017-05-14,239600,,
2017-05-15,239700,,
2017-05-16,239700,,
2017-05-17,239700,,
2017-05-18,239700,,
2017-05-19,239800,,
2017-05-20,239800,,
2017-05-21,239900,,
2017-05-22,239900,,
2017-05-23,240000,,
2017-05-24,240000,,
2017-05-25,240100,,
2017-05-26,240100,,
2017-05-27,240200,,
2017-05-28,240200,,
2017-05-29,240200,,
2017-05-30,240200,,
2017-05-31,240200,,
2017-06-01,240200,,
2017-06-02,240200,,
2017-06-03,240200,,
2017-06-04,240200,,
2017-06-05,240300,,
2017-06-06,240300,,
2017-06-07,240400,,
2017-06-08,240400,,
2017-06-09,240500,,
2017-06-10,240500,,
2017-06-11,240600,,
2017-06-12,240600,,
2017-06-13,240600,,
2017-06-14,240700,,
2017-06-15,240700,,
2017-06-16,240700,,
2017-06-17,240700,,
2017-06-18,240700,,
2017-06-19,240700,,
2017-06-20,240700,,
2017-06-21,240800,,
2017-06-22,240900,,
2017-06-23,240900,,
2017-06-24,240900,,
2017-06-25,240900,,
2017-06-26,240900,,
2017-06-27,241000,,
2017-06-28,241000,,
2017-06-29,241100,,
2017-06-30,241100,,
2017-07-01,241200,,
2017-07-02,241300,,
2017-07-03,241400,,
2017-07-04,241400,,
2017-07-05,241500,,
2017-07-06,241700,,
2017-07-07,241700,,
2017-07-08,241800,,
2017-07-09,241800,,
2017-07-10,241900,,
2017-07-11,242000,,
2017-07-12,242000,,
2017-07-13,242100,,
2017-07-14,242100,,
2017-07-15,242200,,
2017-07-16,242200,,
2017-07-17,242300,,
2017-07-18,242300,,
2017-07-19,242500,,
2017-07-20,242600,,
2017-07-21,242700,,
2017-07-22,242700,,
2017-07-23,242700,,
2017-07-24,242800,,
2017-07-25,242800,,
2017-07-26,242800,,
2017-07-27,242800,,
2017-07-28,242900,,
2017-07-29,243000,,
2017-07-30,243000,,
2017-07-31,243100,,
2017-08-01,243100,,
2017-08-02,243200,,
2017-08-03,243200,,
2017-08-04,243200,,
2017-08-05,243300,,
2017-08-06,243300,,
2017-08-07,243300,,
2017-08-08,243400,,
2017-08-09,243400,,
2017-08-10,243400,,
2017-08-11,243400,,
2017-08-12,243500,,
2017-08-13,243700,,
2017-08-14,243800,,
2017-08-15,243800,,
2017-08-16,243800,,
2017-08-17,243900,,
2017-08-18,244000,,
2017-08-19,244000,,
2017-08-20,244000,,
2017-08-21,244000,,
2017-08-22,244100,,
2017-08-23,244100,,
2017-08-24,244100,,
2017-08-25,244200,,
2017-08-26,244200,,
2017-08-27,244400,,
2017-08-28,244500,,
2017-08-29,244600,,
2017-08-30,244700,,
2017-08-31,244700,,
2017-09-01,244800,,
2017-09-02,244900,,
2017-09-03,244900,,
2017-09-04,245000,,
2017-09-05,245000,,
2017-09-06,245100,,
2017-09-07,245100,,
2017-09-08,245100,,
2017-09-09,245100,,
2017-09-10,245100,,
2017-09-11,245200,,
2017-09-12,245200,,
2017-09-13,245200,,
2017-09-14,245200,,
2017-09-15,245200,,
2017-09-16,245300,,
2017-09-17,245300,,
2017-09-18,245300,,
2017-09-19,245300,,
2017-09-20,245400,,
2017-09-21,245500,,
2017-09-22,245500,,
2017-09-23,245600,,
2017-09-24,245600,,
2017-09-25,245600,,
2017-09-26,245700,,
2017-09-27,245700,,
2017-09-28,245700,,
2017-09-29,245700,,
2017-09-30,245800,,
2017-10-01,245800,,
2017-10-02,245900,,
2017-10-03,246000,,
2017-10-04,246000,,
2017-10-05,246000,,
2017-10-06,246100,,
2017-10-07,246100,,
2017-10-08,246100,,
2017-10-09,246100,,
2017-10-10,246100,,
2017-10-11,246100,,
2017-10-12,246100,,
2017-10-13,246300,,
2017-10-14,246300,,
2017-10-15,246300,,
2017-10-16,246400,,
2017-10-17,246400,,
2017-10-18,246400,,
2017-10-19,246400,,
2017-10-20,246400,,
2017-10-21,246400,,
2017-10-22,246500,,
2017-10-23,246500,,
2017-10-24,246500,,
2017-10-25,246600,,
2017-10-26,246600,,
2017-10-27,246600,,
2017-10-28,246700,,
2017-10-29,246700,,
2017-10-30,246700,,
2017-10-31,246800,,
2017-11-01,246900,,
2017-11-02,246900,,
2017-11-03,246900,,
2017-11-04,247000,,
2017-11-05,247000,,
2017-11-06,247000,,
2017-11-07,247000,,
2017-11-08,247100,,
2017-11-09,247200,,
2017-11-10,247200,,
2017-11-11,247200,,
2017-11-12,247200,,
2017-11-13,247400,,
2017-11-14,247400,,
2017-11-15,247400,,
2017-11-16,247400,,
2017-11-17,247400,,
2017-11-18,247400,,
2017-11-19,247400,,
2017-11-20,247500,,
2017-11-21,247500,,
2017-11-22,247500,,
2017-11-23,247500,,
2017-11-24,247500,,
2017-11-25,247500,,
2017-11-26,247500,,
2017-11-27,247500,,
2017-11-28,247500,,
2017-11-29,247500,,
2017-11-30,247500,,
2017-12-01,247500,,
2017-12-02,247500,,
2017-12-03,247700,,
2017-12-04,247700,,
2017-12-05,247800,,
2017-12-06,247800,,
2017-12-07,247800,,
2017-12-08,247800,,
2017-12-09,247800,,
2017-12-10,247900,,
2017-12-11,247900,,
2017-12-12,247900,,
2017-12-13,248100,,
2017-12-14,248100,,
2017-12-15,248100,,
2017-12-16,248100,,
2017-12-17,248100,,
2017-12-18,248200,,
2017-12-19,248200,,
2017-12-20,248400,,
2017-12-21,248400,,
2017-12-22,248400,,
2017-12-23,248400,,
2017-12-24,248500,,
2017-12-25,248600,,
2017-12-26,248700,,
2017-12-27,248700,,
2017-12-28,248700,,
2017-12-29,248800,,
2017-12-30,248800,,
2017-12-31,249000,,
2018-01-01,249000,,
2018-01-02,249000,,
2018-01-03,249100,,
2018-01-04,249100,,
2018-01-05,249200,,
2018-01-06,249200,,
2018-01-07,249200,,
2018-01-08,249200,,
2018-01-09,249200,,
2018-01-10,249200,,
2018-01-11,249200,,
2018-01-12,249200,,
2018-01-13,249300,,
2018-01-14,249300,,
2018-01-15,249300,,
2018-01-16,249300,,
2018-01-17,249300,,
2018-01-18,249300,,
2018-01-19,249300,,
2018-01-20,249300,,
2018-01-21,249400,,
2018-01-22,249500,,
2018-01-23,249500,,
2018-01-24,249500,,
2018-01-25,249600,,
2018-01-26,249600,,
2018-01-27,249700,,
2018-01-28,249800,,
2018-01-29,249900,,
2018-01-30,250000,,
2018-01-31,250000,,
2018-02-01,250000,,
2018-02-02,250000,,
2018-02-03,250000,,
2018-02-04,250100,,
2018-02-05,250200,,
2018-02-06,250300,,
2018-02-07,250300,,
2018-02-08,250300,,
2018-02-09,250300,,
2018-02-10,250400,,
2018-02-11,250500,,
2018-02-12,250600,,
2018-02-13,250600,,
2018-02-14,250600,,
2018-02-15,250600,,
2018-02-16,250700,,
2018-02-17,250700,,
2018-02-18,250800,,
2018-02-19,250800,,
2018-02-20,250800,,
2018-02-21,250900,,
2018-02-22,250900,,
2018-02-23,250900,,
2018-02-24,250900,,
2018-02-25,251000,,
2018-02-26,251000,,
2018-02-27,251000,,
2018-02-28,251000,,
2018-03-01,251100,,
2018-03-02,251100,,
2018-03-03,251100,,
2018-03-04,251200,,
2018-03-05,251200,,
2018-03-06,251300,,
2018-03-07,251300,,
2018-03-08,251300,,
2018-03-09,251400,,
2018-03-10,251500,,
2018-03-11,251600,,
2018-03-12,251600,,
2018-03-13,251600,,
2018-03-14,251600,,
2018-03-15,251600,,
2018-03-16,251700,,
2018-03-17,251700,,
2018-03-18,251700,,
2018-03-19,251700,,
2018-03-20,251800,,
2018-03-21,251800,,
2018-03-22,251900,,
2018-03-23,251900,,
2018-03-24,251900,,
2018-03-25,251900,,
2018-03-26,252000,,
2018-03-27,252000,,
2018-03-28,252000,,
2018-03-29,252000,,
2018-03-30,252100,,
2018-03-31,252100,,
2018-04-01,252100,,
2018-04-02,252100,,
2018-04-03,252100,,
2018-04-04,252100,,
2018-04-05,252100,,
2018-04-06,252100,,
2018-04-07,252100,,
2018-04-08,252200,,
2018-04-09,252300,,
2018-04-10,252300,,
2018-04-11,252400,,
2018-04-12,252400,,
2018-04-13,252400,,
2018-04-14,252400,,
2018-04-15,252400,,
2018-04-16,252400,,
2018-04-17,252500,,
2018-04-18,252500,,
2018-04-19,252500,,
2018-04-20,252500,,
2018-04-21,252600,,
2018-04-22,252600,,
2018-04-23,252600,,
2018-04-24,252600,,
2018-04-25,252700,,
2018-04-26,252700,,
2018-04-27,252700,,
2018-04-28,252700,,
2018-04-29,252700,,
2018-04-30,252800,,
2018-05-01,252900,,
2018-05-02,252900,,
2018-05-03,252900,,
2018-05-04,252900,,
2018-05-05,252900,,
2018-05-06,253000,,
2018-05-07,253000,,
2018-05-08,253000,,
2018-05-09,253000,,
2018-05-10,253100,,
2018-05-11,253100,,
2018-05-12,253100,,
2018-05-13,253200,,
2018-05-14,253200,,
2018-05-15,253200,,
2018-05-16,253200,,
2018-05-17,253200,,
2018-05-18,253200,,
2018-05-19,253300,,
2018-05-20,253300,,
2018-05-21,253300,,
2018-05-22,253400,,
2018-05-23,253400,,
2018-05-24,253400,,
2018-05-25,253400,,
2018-05-26,253500,,
2018-05-27,253500,,
2018-05-28,253600,,
2018-05-29,253700,,
2018-05-30,253700,,
2018-05-31,253800,,
2018-06-01,253800,,
2018-06-02,253800,,
2018-06-03,253800,,
2018-06-04,253800,,
2018-06-05,253800,,
2018-06-06,253800,,
2018-06-07,253800,,
2018-06-08,253800,,
2018-06-09,253800,,
2018-06-10,253900,,
2018-06-11,253900,,
2018-06-12,253900,,
2018-06-13,253900,,
2018-06-14,254000,,
2018-06-15,254000,,
2018-06-16,254000,,
2018-06-17,254000,,
2018-06-18,254000,,
2018-06-19,254000,,
2018-06-20,254000,,
2018-06-21,254000,,
2018-06-22,254000,,
2018-06-23,254100,,
2018-06-24,254100,,
2018-06-25,254100,,
2018-06-26,254200,,
2018-06-27,254200,,
2018-06-28,254200,,
2018-06-29,254200,,
2018-06-30,254200,,
2018-07-01,254200,,
2018-07-02,254200,,
2018-07-03,254200,,
2018-07-04,254200,,
2018-07-05,254200,,
2018-07-06,254200,,
2018-07-07,254200,,
2018-07-08,254200,,
2018-07-09,254300,,
2018-07-10,254300,,
2018-07-11,254300,,
2018-07-12,254300,,
2018-07-13,254300,,
2018-07-14,254300,,
2018-07-15,254300,,
2018-07-16,254400,,
2018-07-17,254400,,
2018-07-18,254400,,
2018-07-19,254500,,
2018-07-20,254500,,
2018-07-21,254500,,
2018-07-22,254500,,
2018-07-23,254500,,
2018-07-24,254500,,
2018-07-25,254500,,
2018-07-26,254500,,
2018-07-27,254500,,
2018-07-28,254500,,
2018-07-29,254500,,
2018-07-30,254500,,
2018-07-31,254500,,
2018-08-01,254500,,
2018-08-02,254500,,
2018-08-03,254600,,
2018-08-04,254600,,
2018-08-05,254600,,
2018-08-06,254600,,
2018-08-07,254700,,
2018-08-08,254700,,
2018-08-09,254700,,
2018-08-10,254700,,
2018-08-11,254700,,
2018-08-12,254700,,
2018-08-13,254800,,
2018-08-14,254800,,
2018-08-15,254800,,
2018-08-16,254800,,
2018-08-17,254800,,
2018-08-18,254800,,
2018-08-19,254800,,
2018-08-20,254800,,
2018-08-21,254800,,
2018-08-22,254800,,
2018-08-23,254800,,
2018-08-24,254900,,
2018-08-25,254900,,
2018-08-26,254900,,
2018-08-27,254900,,
2018-08-28,254900,,
2018-08-29,254900,,
2018-08-30,254900,,
2018-08-31,254900,,
2018-09-01,254900,,
2018-09-02,254900,,
2018-09-03,254900,,
2018-09-04,254900,,
2018-09-05,254900,,
2018-09-06,254900,,
2018-09-07,254900,,
2018-09-08,254900,,
2018-09-09,255000,,
2018-09-10,255000,,
2018-09-11,255000,,
2018-09-12,255000,,
2018-09-13,255000,,
2018-09-14,255000,,
2018-09-15,255000,,
2018-09-16,255000,,
2018-09-17,255100,,
2018-09-18,255100,,
2018-09-19,255100,,
2018-09-20,255100,,
2018-09-21,255100,,
2018-09-22,255100,,
2018-09-23,255200,,
2018-09-24,255200,,
2018-09-25,255200,,
2018-09-26,255200,,
2018-09-27,255200,,
2018-09-28,255200,,
2018-09-29,255300,,
2018-09-30,255300,,
2018-10-01,255300,,
2018-10-02,255300,,
2018-10-03,255300,,
2018-10-04,255300,,
2018-10-05,255300,,
2018-10-06,255300,,
2018-10-07,255300,,
2018-10-08,255400,,
2018-10-09,255400,,
2018-10-10,255400,,
2018-10-11,255400,,
2018-10-12,255400,,
2018-10-13,255500,,
2018-10-14,255500,,
2018-10-15,255600,,
2018-10-16,255600,,
2018-10-17,255600,,
2018-10-18,255600,,
2018-10-19,255700,,
2018-10-20,255700,,
2018-10-21,255700,,
2018-10-22,255700,,
2018-10-23,255700,,
2018-10-24,255700,,
2018-10-25,255700,,
2018-10-26,255700,,
2018-10-27,255800,,
2018-10-28,255800,,
2018-10-29,255800,,
2018-10-30,255800,,
2018-10-31,255800,,
2018-11-01,255800,,
2018-11-02,255800,,
2018-11-03,255800,,
2018-11-04,255800,,
2018-11-05,255900,,
2018-11-06,255900,,
2018-11-07,255900,,
2018-11-08,255900,,
2018-11-09,255900,,
2018-11-10,255900,,
2018-11-11,255900,,
2018-11-12,256000,,
2018-11-13,256100,,
2018-11-14,256100,,
2018-11-15,256100,,
2018-11-16,256100,,
2018-11-17,256100,,
2018-11-18,256100,,
2018-11-19,256100,,
2018-11-20,256100,,
2018-11-21,256100,,
2018-11-22,256100,,
2018-11-23,256200,,
2018-11-24,256200,,
2018-11-25,256200,,
2018-11-26,256200,,
2018-11-27,256200,,
2018-11-28,256200,,
2018-11-29,256200,,
2018-11-30,256200,,
2018-12-01,256200,,
2018-12-02,256300,,
2018-12-03,256300,,
2018-12-04,256300,,
2018-12-05,256300,,
2018-12-06,256400,,
2018-12-07,256400,,
2018-12-08,256400,,
2018-12-09,256400,,
2018-12-10,256400,,
2018-12-11,256400,,
2018-12-12,256400,,
2018-12-13,256400,,
2018-12-14,256400,,
2018-12-15,256500,,
2018-12-16,256500,,
2018-12-17,256500,,
2018-12-18,256500,,
2018-12-19,256600,,
2018-12-20,256600,,
2018-12-21,256600,,
2018-12-22,256600,,
2018-12-23,256600,,
2018-12-24,256600,,
2018-12-25,256600,,
2018-12-26,256600,,
2018-12-27,256600,,
2018-12-28,256600,,
2018-12-29,256600,,
2018-12-30,256700,,
2018-12-31,256700,,
2019-01-01,256700,,
2019-01-02,256700,,
2019-01-03,256700,,
2019-01-04,256700,,
2019-01-05,256800,,
2019-01-06,256800,,
2019-01-07,256800,,
2019-01-08,256900,,
2019-01-09,256900,,
2019-01-10,257000,,
2019-01-11,257000,,
2019-01-12,257000,,
2019-01-13,257000,,
2019-01-14,257000,,
2019-01-15,257000,,
2019-01-16,257000,,
2019-01-17,257000,,
2019-01-18,257100,,
2019-01-19,257100,,
2019-01-20,257100,,
2019-01-21,257100,,
2019-01-22,257100,,
2019-01-23,257100,,
2019-01-24,257200,,
2019-01-25,257200,,
2019-01-26,257200,,
2019-01-27,257200,,
2019-01-28,257300,,
2019-01-29,257300,,
2019-01-30,257300,,
2019-01-31,257300,,
2019-02-01,257300,,
2019-02-02,257300,,
2019-02-03,257300,,
2019-02-04,257300,,
2019-02-05,257300,,
2019-02-06,257400,,
2019-02-07,257400,,
2019-02-08,257400,,
2019-02-09,257400,,
2019-02-10,257400,,
2019-02-11,257400,,
2019-02-12,257400,,
2019-02-13,257400,,
2019-02-14,257400,,
2019-02-15,257400,,
2019-02-16,257400,,
2019-02-17,257400,,
2019-02-18,257400,,
2019-02-19,257400,,
2019-02-20,257500,,
2019-02-21,257500,,
2019-02-22,257500,,
2019-02-23,257500,,
2019-02-24,257500,,
2019-02-25,257500,,
2019-02-26,257500,,
2019-02-27,257500,,
2019-02-28,257500,,
2019-03-01,257500,,
2019-03-02,257500,,
2019-03-03,257500,,
2019-03-04,257600,,
2019-03-05,257600,,
2019-03-06,257600,,
2019-03-07,257700,,
2019-03-08,257700,,
2019-03-09,257700,,
2019-03-10,257700,,
2019-03-11,257700,,
2019-03-12,257800,,
2019-03-13,257800,,
2019-03-14,257800,,
2019-03-15,257900,,
2019-03-16,257900,,
2019-03-17,257900,,
2019-03-18,257900,,
2019-03-19,257900,,
2019-03-20,257900,,
2019-03-21,257900,,
2019-03-22,257900,,
2019-03-23,258000,,
2019-03-24,258100,,
2019-03-25,258100,,
2019-03-26,258100,,
2019-03-27,258100,,
2019-03-28,258100,,
2019-03-29,258100,,
2019-03-30,258100,,
2019-03-31,258100,,
2019-04-01,258100,,
2019-04-02,258200,,
2019-04-03,258200,,
2019-04-04,258200,,
2019-04-05,258200,,
2019-04-06,258200,,
2019-04-07,258200,,
2019-04-08,258200,,
2019-04-09,258200,,
2019-04-10,258200,,
2019-04-11,258200,,
2019-04-12,258200,,
2019-04-13,258200,,
2019-04-14,258200,,
2019-04-15,258300,,
2019-04-16,258300,,
2019-04-17,258400,,
2019-04-18,258400,,
2019-04-19,258500,,
2019-04-20,258500,,
2019-04-21,258500,,
2019-04-22,258500,,
2019-04-23,258600,,
2019-04-24,258700,,
2019-04-25,258700,,
2019-04-26,258700,,
2019-04-27,258800,,
2019-04-28,258800,,
2019-04-29,258800,,
2019-04-30,258800,,
2019-05-01,258900,,
2019-05-02,258900,,
2019-05-03,259000,,
2019-05-04,259000,,
2019-05-05,259000,,
2019-05-06,259000,,
2019-05-07,259000,,
2019-05-08,259100,,
2019-05-09,259100,,
2019-05-10,259100,,
2019-05-11,259100,,
2019-05-12,259100,,
2019-05-13,259100,,
2019-05-14,259200,,
2019-05-15,259200,,
2019-05-16,259300,,
2019-05-17,259300,,
2019-05-18,259300,,
2019-05-19,259300,,
2019-05-20,259300,,
2019-05-21,259300,,
2019-05-22,259300,,
2019-05-23,259300,,
2019-05-24,259300,,
2019-05-25,259400,,
2019-05-26,259400,,
2019-05-27,259500,,
2019-05-28,259500,,
2019-05-29,259500,,
2019-05-30,259600,,
2019-05-31,259600,,
2019-06-01,259600,,
2019-06-02,259600,,
2019-06-03,259600,,
2019-06-04,259600,,
2019-06-05,259700,,
2019-06-06,259700,,
2019-06-07,259700,,
2019-06-08,259700,,
2019-06-09,259700,,
2019-06-10,259800,,
2019-06-11,259800,,
2019-06-12,259800,,
2019-06-13,259800,,
2019-06-14,259800,,
2019-06-15,259900,,
2019-06-16,259900,,
2019-06-17,259900,,
2019-06-18,259900,,
2019-06-19,259900,,
2019-06-20,259900,,
2019-06-21,259900,,
2019-06-22,259900,,
2019-06-23,260000,,
2019-06-24,260000,,
2019-06-25,260000,,
2019-06-26,260000,,
2019-06-27,260000,,
2019-06-28,260000,,
2019-06-29,260000,,
2019-06-30,260000,,
2019-07-01,260000,,
2019-07-02,260000,,
2019-07-03,260000,,
2019-07-04,260000,,
2019-07-05,260000,,
2019-07-06,260000,,
2019-07-07,260100,,
2019-07-08,260100,,
2019-07-09,260100,,
2019-07-10,260200,,
2019-07-11,260200,,
2019-07-12,260200,,
2019-07-13,260200,,
2019-07-14,260200,,
2019-07-15,260300,,
2019-07-16,260300,,
2019-07-17,260300,,
2019-07-18,260300,,
2019-07-19,260300,,
2019-07-20,260300,,
2019-07-21,260300,,
2019-07-22,260400,,
2019-07-23,260400,,
2019-07-24,260400,,
2019-07-25,260400,,
2019-07-26,260400,,
2019-07-27,260400,,
2019-07-28,260400,,
2019-07-29,260400,,
2019-07-30,260400,,
2019-07-31,260400,,
2019-08-01,260400,,
2019-08-02,260500,,
2019-08-03,260600,,
2019-08-04,260600,,
2019-08-05,260600,,
2019-08-06,260600,,
2019-08-07,260600,,
2019-08-08,260600,,
2019-08-09,260600,,
2019-08-10,260700,,
2019-08-11,260700,,
2019-08-12,260700,,
2019-08-13,260700,,
2019-08-14,260700,,
2019-08-15,260700,,
2019-08-16,260700,,
2019-08-17,260700,,
2019-08-18,260800,,
2019-08-19,260800,,
2019-08-20,260800,,
2019-08-21,260800,,
2019-08-22,260800,,
2019-08-23,260800,,
2019-08-24,260900,,
2019-08-25,260900,,
2019-08-26,260900,,
2019-08-27,260900,,
2019-08-28,260900,,
2019-08-29,260900,,
2019-08-30,260900,,
2019-08-31,260900,,
2019-09-01,261000,,
2019-09-02,261000,,
2019-09-03,261000,,
2019-09-04,261000,,
2019-09-05,261100,,
2019-09-06,261100,,
2019-09-07,261100,,
2019-09-08,261100,,
2019-09-09,261100,,
2019-09-10,261100,,
2019-09-11,261100,,
2019-09-12,261100,,
2019-09-13,261100,,
2019-09-14,261100,,
2019-09-15,261100,,
2019-09-16,261100,,
2019-09-17,261100,,
2019-09-18,261100,,
2019-09-19,261100,,
2019-09-20,261100,,
2019-09-21,261100,,
2019-09-22,261100,,
2019-09-23,261100,,
2019-09-24,261100,,
2019-09-25,261100,,
2019-09-26,261100,,
2019-09-27,261100,,
2019-09-28,261100,,
2019-09-29,261100,,
2019-09-30,261100,,
2019-10-01,261100,,
2019-10-02,261100,,
2019-10-03,261100,,
2019-10-04,261100,,
2019-10-05,261100,,
2019-10-06,261100,,
2019-10-07,261100,,
2019-10-08,261100,,
2019-10-09,261200,,
2019-10-10,261200,,
2019-10-11,261200,,
2019-10-12,261300,,
2019-10-13,261300,,
2019-10-14,261300,,
2019-10-15,261300,,
2019-10-16,261300,,
2019-10-17,261400,,
2019-10-18,261400,,
2019-10-19,261400,,
2019-10-20,261400,,
2019-10-21,261400,,
2019-10-22,261400,,
2019-10-23,261400,,
2019-10-24,261400,,
2019-10-25,261400,,
2019-10-26,261400,,
2019-10-27,261400,,
2019-10-28,261400,,
2019-10-29,261400,,
2019-10-30,261400,,
2019-10-31,261400,,
2019-11-01,261400,,
2019-11-02,261400,,
2019-11-03,261500,,
2019-11-04,261500,,
2019-11-05,261500,,
2019-11-06,261500,,
2019-11-07,261500,,
2019-11-08,261500,,
2019-11-09,261500,,
2019-11-10,261500,,
2019-11-11,261500,,
2019-11-12,261500,,
2019-11-13,261500,,
2019-11-14,261500,,
2019-11-15,261500,,
2019-11-16,261500,,
2019-11-17,261500,,
2019-11-18,261500,,
2019-11-19,261500,,
2019-11-20,261500,,
2019-11-21,261500,,
2019-11-22,261500,,
2019-11-23,261500,,
2019-11-24,261500,,
2019-11-25,261500,,
2019-11-26,261500,,
2019-11-27,261500,,
2019-11-28,261600,,
2019-11-29,261600,,
2019-11-30,261600,,
2019-12-01,261600,,
2019-12-02,261600,,
2019-12-03,261600,,
2019-12-04,261600,,
2019-12-05,261600,,
2019-12-06,261600,,
2019-12-07,261600,,
2019-12-08,261600,,
2019-12-09,261700,,
2019-12-10,261700,,
2019-12-11,261700,,
2019-12-12,261700,,
2019-12-13,261700,,
2019-12-14,261700,,
2019-12-15,261800,,
2019-12-16,261800,,
2019-12-17,261800,,
2019-12-18,261800,,
2019-12-19,261800,,
2019-12-20,261800,,
2019-12-21,261800,,
2019-12-22,261800,,
2019-12-23,261900,,
2019-12-24,261900,,
2019-12-25,262000,,
2019-12-26,262000,,
2019-12-27,262000,,
2019-12-28,262000,,
2019-12-29,262000,,
2019-12-30,262100,,
2019-12-31,262100,,
2020-01-01,262100,,
2020-01-02,262100,,
2020-01-03,262100,,
2020-01-04,262100,,
2020-01-05,262100,,
2020-01-06,262100,,
2020-01-07,262100,,
2020-01-08,262100,,
2020-01-09,262200,,
2020-01-10,262200,,
2020-01-11,262200,,
2020-01-12,262200,,
2020-01-13,262200,,
2020-01-14,262200,,
2020-01-15,262200,,
2020-01-16,262200,,
2020-01-17,262200,,
2020-01-18,262200,,
2020-01-19,262200,,
2020-01-20,262200,,
2020-01-21,262200,,
2020-01-22,262200,,
2020-01-23,262200,,
2020-01-24,262200,,
2020-01-25,262200,,
2020-01-26,262200,,
2020-01-27,262200,,
2020-01-28,262200,,
2020-01-29,262200,,
2020-01-30,262200,,
2020-01-31,262200,,
2020-02-01,262200,,
2020-02-02,262200,,
2020-02-03,262200,,
2020-02-04,262200,,
2020-02-05,262200,,
2020-02-06,262300,,
2020-02-07,262400,,
2020-02-08,262400,,
2020-02-09,262400,,
2020-02-10,262500,,
2020-02-11,262500,,
2020-02-12,262500,,
2020-02-13,262500,,
2020-02-14,262500,,
2020-02-15,262500,,
2020-02-16,262500,,
2020-02-17,262600,,
2020-02-18,262600,,
2020-02-19,262600,,
2020-02-20,262600,,
2020-02-21,262600,,
2020-02-22,262600,,
2020-02-23,262600,,
2020-02-24,262600,,
2020-02-25,262600,,
2020-02-26,262600,,
2020-02-27,262600,,
2020-02-28,262600,,
2020-02-29,262600,,
2020-03-01,262600,,
2020-03-02,262700,,
2020-03-03,262800,,
2020-03-04,262800,,
2020-03-05,262800,,
2020-03-06,262800,,
2020-03-07,262800,,
2020-03-08,262800,,
2020-03-09,262900,,
2020-03-10,262900,,
2020-03-11,262900,,
2020-03-12,263000,,
2020-03-13,263000,,
2020-03-14,263000,,
2020-03-15,263000,,
2020-03-16,263100,,
2020-03-17,263100,,
2020-03-18,263100,,
2020-03-19,263100,,
2020-03-20,263200,,
2020-03-21,263200,,
2020-03-22,263200,,
2020-03-23,263200,,
2020-03-24,263200,,
2020-03-25,263200,,
2020-03-26,263300,,
2020-03-27,263400,,
2020-03-28,263400,,
2020-03-29,263400,,
2020-03-30,263400,,
2020-03-31,263400,,
2020-04-01,263500,,
2020-04-02,263500,,
2020-04-03,263500,,
2020-04-04,263600,,
2020-04-05,263600,,
2020-04-06,263600,,
2020-04-07,263600,,
2020-04-08,263700,,
2020-04-09,263700,,
2020-04-10,263800,,
2020-04-11,263800,,
2020-04-12,263800,,
2020-04-13,263800,,
2020-04-14,263800,,
2020-04-15,263800,,
2020-04-16,263900,,
2020-04-17,263900,,
2020-04-18,263900,,
2020-04-19,264000,,
2020-04-20,264000,,
2020-04-21,264000,,
2020-04-22,264100,,
2020-04-23,264100,,
2020-04-24,264100,,
2020-04-25,264100,,
2020-04-26,264100,,
2020-04-27,264100,,
2020-04-28,264100,,
2020-04-29,264100,,
2020-04-30,264100,,
2020-05-01,264100,,
2020-05-02,264100,,
2020-05-03,264100,,
2020-05-04,264200,,
2020-05-05,264200,,
2020-05-06,264200,,
2020-05-07,264200,,
2020-05-08,264200,,
2020-05-09,264300,,
2020-05-10,264400,,
2020-05-11,264400,,
2020-05-12,264500,,
2020-05-13,264500,,
2020-05-14,264500,,
2020-05-15,264500,,
2020-05-16,264500,,
2020-05-17,264500,,
2020-05-18,264600,,
2020-05-19,264600,,
2020-05-20,264600,,
2020-05-21,264700,,
2020-05-22,264800,,
2020-05-23,264800,,
2020-05-24,264900,,
2020-05-25,264900,,
2020-05-26,264900,,
2020-05-27,264900,,
2020-05-28,265000,,
2020-05-29,265000,,
2020-05-30,265000,,
2020-05-31,265100,,
2020-06-01,265100,,
2020-06-02,265100,,
2020-06-03,265100,,
2020-06-04,265100,,
2020-06-05,265100,,
2020-06-06,265100,,
2020-06-07,265100,,
2020-06-08,265200,,
2020-06-09,265200,,
2020-06-10,265200,,
2020-06-11,265200,,
2020-06-12,265200,,
2020-06-13,265300,,
2020-06-14,265300,,
2020-06-15,265300,,
2020-06-16,265300,,
2020-06-17,265300,,
2020-06-18,265300,,
2020-06-19,265300,,
2020-06-20,265400,,
2020-06-21,265400,,
2020-06-22,265500,,
2020-06-23,265500,,
2020-06-24,265600,,
2020-06-25,265600,,
2020-06-26,265600,,
2020-06-27,265600,,
2020-06-28,265600,,
2020-06-29,265600,,
2020-06-30,265600,,
2020-07-01,265600,,
2020-07-02,265700,,
2020-07-03,265700,,
2020-07-04,265800,,
2020-07-05,265800,,
2020-07-06,265800,,
2020-07-07,265800,,
2020-07-08,265800,,
2020-07-09,265800,,
2020-07-10,265800,,
2020-07-11,265900,,
2020-07-12,265900,,
2020-07-13,266000,,
2020-07-14,266000,,
2020-07-15,266000,,
2020-07-16,266000,,
2020-07-17,266000,,
2020-07-18,266000,,
2020-07-19,266000,,
2020-07-20,266000,,
2020-07-21,266100,,
2020-07-22,266100,,
2020-07-23,266100,,
2020-07-24,266100,,
2020-07-25,266200,,
2020-07-26,266200,,
2020-07-27,266200,,
2020-07-28,266200,,
2020-07-29,266300,,
2020-07-30,266300,,
2020-07-31,266300,,
2020-08-01,266300,,
2020-08-02,266300,,
2020-08-03,266300,,
2020-08-04,266400,,
2020-08-05,266400,,
2020-08-06,266400,,
2020-08-07,266400,,
2020-08-08,266500,,
2020-08-09,266500,,
2020-08-10,266500,,
2020-08-11,266600,,
2020-08-12,266700,,
2020-08-13,266700,,
2020-08-14,266700,,
2020-08-15,266700,,
2020-08-16,266700,,
2020-08-17,266700,,
2020-08-18,266700,,
2020-08-19,266700,,
2020-08-20,266700,,
2020-08-21,266700,,
2020-08-22,266700,,
2020-08-23,266800,,
2020-08-24,266800,,
2020-08-25,266900,,
2020-08-26,266900,,
2020-08-27,266900,,
2020-08-28,267000,,
2020-08-29,267000,,
2020-08-30,267000,,
2020-08-31,267000,,
2020-09-01,267100,,
2020-09-02,267100,,
2020-09-03,267100,,
2020-09-04,267100,,
2020-09-05,267200,,
2020-09-06,267200,,
2020-09-07,267200,,
2020-09-08,267200,,
2020-09-09,267200,,
2020-09-10,267200,,
2020-09-11,267200,,
2020-09-12,267200,,
2020-09-13,267200,,
2020-09-14,267300,,
2020-09-15,267300,,
2020-09-16,267300,,
2020-09-17,267300,,
2020-09-18,267400,,
2020-09-19,267400,,
2020-09-20,267400,,
2020-09-21,267400,,
2020-09-22,267400,,
2020-09-23,267500,,
2020-09-24,267500,,
2020-09-25,267600,,
2020-09-26,267600,,
2020-09-27,267600,,
2020-09-28,267600,,
2020-09-29,267600,,
2020-09-30,267600,,
2020-10-01,267600,,
2020-10-02,267600,,
2020-10-03,267700,,
2020-10-04,267700,,
2020-10-05,267700,,
2020-10-06,267800,,
2020-10-07,267800,,
2020-10-08,267800,,
2020-10-09,267800,,
2020-10-10,267900,,
2020-10-11,267900,,
2020-10-12,267900,,
2020-10-13,267900,,
2020-10-14,267900,,
2020-10-15,267900,,
2020-10-16,267900,,
2020-10-17,267900,,
2020-10-18,267900,,
2020-10-19,267900,,
2020-10-20,267900,,
2020-10-21,267900,,
2020-10-22,267900,,
2020-10-23,267900,,
2020-10-24,267900,,
2020-10-25,267900,,
2020-10-26,267900,,
2020-10-27,267900,,
2020-10-28,267900,,
2020-10-29,267900,,
2020-10-30,267900,,
2020-10-31,267900,,
2020-11-01,268100,,
2020-11-02,268100,,
2020-11-03,268100,,
2020-11-04,268100,,
2020-11-05,268100,,
2020-11-06,268200,,
2020-11-07,268200,,
2020-11-08,268200,,
2020-11-09,268200,,
2020-11-10,268200,,
2020-11-11,268200,,
2020-11-12,268200,,
2020-11-13,268200,,
2020-11-14,268400,,
2020-11-15,268400,,
2020-11-16,268400,,
2020-11-17,268400,,
2020-11-18,268400,,
2020-11-19,268400,,
