Date,PS3 player count,PS4 player count,PS Vita player count
2013-06-25,300,0,0
2013-06-26,700,0,100
2013-06-27,1200,0,100
2013-06-28,1700,0,300
2013-06-29,2000,0,600
2013-06-30,3000,0,700
2013-07-01,3100,0,700
2013-07-02,3700,0,1000
2013-07-03,4000,0,1400
2013-07-04,4600,0,1500
2013-07-05,4900,0,1700
2013-07-06,5400,0,1900
2013-07-07,5800,0,2000
2013-07-08,6000,0,2000
2013-07-09,6100,0,2100
2013-07-10,6700,0,2200
2013-07-11,6900,0,2300
2013-07-12,7400,0,2300
2013-07-13,8000,0,2400
2013-07-14,8300,0,2400
2013-07-15,8800,0,2600
2013-07-16,8900,0,2600
2013-07-17,9100,0,2600
2013-07-18,9200,0,2600
2013-07-19,9300,0,2600
2013-07-20,9400,0,2600
2013-07-21,9900,0,2600
2013-07-22,10100,0,2600
2013-07-23,10400,0,2600
2013-07-24,10500,0,2700
2013-07-25,10700,0,3000
2013-07-26,10900,0,3100
2013-07-27,11100,0,3100
2013-07-28,11400,0,3100
2013-07-29,11700,0,3200
2013-07-30,11900,0,3400
2013-07-31,12100,0,3500
2013-08-01,12300,0,3500
2013-08-02,12500,0,3500
2013-08-03,13000,0,3500
2013-08-04,13400,0,3700
2013-08-05,13500,0,3800
2013-08-06,14000,0,3800
2013-08-07,14300,0,3900
2013-08-08,14500,0,4000
2013-08-09,14900,0,4000
2013-08-10,15100,0,4100
2013-08-11,15300,0,4100
2013-08-12,15600,0,4100
2013-08-13,15900,0,4300
2013-08-14,16100,0,4500
2013-08-15,16300,0,4600
2013-08-16,16600,0,4600
2013-08-17,16900,0,4600
2013-08-18,17100,0,4700
2013-08-19,17300,0,4800
2013-08-20,17500,0,4900
2013-08-21,17500,0,5000
2013-08-22,17600,0,5200
2013-08-23,17900,0,5300
2013-08-24,18200,0,5400
2013-08-25,18500,0,5500
2013-08-26,18600,0,5500
2013-08-27,18700,0,5700
2013-08-28,19200,0,5700
2013-08-29,19200,0,5800
2013-08-30,19400,0,5800
2013-08-31,19600,0,6000
2013-09-01,19800,0,6000
2013-09-02,20000,0,6200
2013-09-03,20200,0,6200
2013-09-04,20300,0,6200
2013-09-05,20500,0,6200
2013-09-06,20800,0,6300
2013-09-07,20900,0,6300
2013-09-08,21100,0,6300
2013-09-09,21200,0,6400
2013-09-10,21500,0,6400
2013-09-11,21600,0,6500
2013-09-12,21600,0,6500
2013-09-13,21800,0,6500
2013-09-14,21900,0,6500
2013-09-15,22100,0,6600
2013-09-16,22500,0,6900
2013-09-17,22700,0,6900
2013-09-18,22700,0,6900
2013-09-19,22700,0,6900
2013-09-20,22800,0,7100
2013-09-21,23000,0,7100
2013-09-22,23200,0,7100
2013-09-23,23200,0,7100
2013-09-24,23200,0,7100
2013-09-25,23300,0,7100
2013-09-26,23400,0,7200
2013-09-27,23500,0,7200
2013-09-28,23500,0,7200
2013-09-29,23600,0,7200
2013-09-30,23700,0,7300
2013-10-01,23700,0,7300
2013-10-02,23900,0,7400
2013-10-03,24100,0,7400
2013-10-04,24200,0,7400
2013-10-05,24300,0,7500
2013-10-06,24600,0,7500
2013-10-07,24800,0,7600
2013-10-08,24800,0,7600
2013-10-09,24900,0,7600
2013-10-10,25000,0,7600
2013-10-11,25100,0,7600
2013-10-12,25300,0,7900
2013-10-13,25300,0,8100
2013-10-14,25400,0,8100
2013-10-15,25400,0,8100
2013-10-16,25400,0,8300
2013-10-17,25800,0,8400
2013-10-18,26100,0,8400
2013-10-19,26300,0,8500
2013-10-20,26600,0,8500
2013-10-21,26900,0,8600
2013-10-22,27600,0,8900
2013-10-23,31800,0,9500
2013-10-24,35100,0,9800
2013-10-25,39200,0,10200
2013-10-26,44600,0,10600
2013-10-27,47900,0,11200
2013-10-28,50900,0,11400
2013-10-29,53400,0,11700
2013-10-30,55500,0,12200
2013-10-31,57800,0,12500
2013-11-01,59700,0,12800
2013-11-02,61600,0,13300
2013-11-03,65500,0,13800
2013-11-04,67800,0,14000
2013-11-05,70500,0,14400
2013-11-06,71900,0,14700
2013-11-07,73600,0,15300
2013-11-08,75900,0,15600
2013-11-09,77500,0,15800
2013-11-10,79200,0,16200
2013-11-11,80500,0,16400
2013-11-12,81800,0,16700
2013-11-13,84000,0,16900
2013-11-14,84900,0,17000
2013-11-15,86800,0,17400
2013-11-16,88100,100,17600
2013-11-17,89400,100,17900
2013-11-18,90400,200,18200
2013-11-19,91400,200,18600
2013-11-20,92500,200,19000
2013-11-21,93200,200,19100
2013-11-22,94800,200,19700
2013-11-23,96400,200,20100
2013-11-24,98400,200,20300
2013-11-25,100100,200,20500
2013-11-26,101100,200,20600
2013-11-27,102700,200,21000
2013-11-28,104200,200,21300
2013-11-29,104900,300,21400
2013-11-30,106200,400,21500
2013-12-01,108200,400,22000
2013-12-02,109500,400,22100
2013-12-03,110400,400,22300
2013-12-04,111600,400,22500
2013-12-05,112700,400,22700
2013-12-06,114000,500,22900
2013-12-07,115700,500,23100
2013-12-08,117800,600,23600
2013-12-09,119200,600,23600
2013-12-10,120400,600,23700
2013-12-11,121200,600,23700
2013-12-12,121900,700,24000
2013-12-13,123100,700,24100
2013-12-14,124200,800,24200
2013-12-15,125200,800,24300
2013-12-16,126800,800,24500
2013-12-17,127700,900,24700
2013-12-18,128700,900,25200
2013-12-19,129200,900,25300
2013-12-20,130300,900,25400
2013-12-21,131800,1000,25700
2013-12-22,133200,1000,25700
2013-12-23,134400,1000,25700
2013-12-24,135200,1100,25900
2013-12-25,136600,1100,26100
2013-12-26,137500,1100,26100
2013-12-27,138400,1100,26200
2013-12-28,139100,1100,26300
2013-12-29,140300,1200,26600
2013-12-30,140800,1200,26600
2013-12-31,141900,1200,27000
2014-01-01,142200,1200,27400
2014-01-02,143000,1300,27400
2014-01-03,143900,1400,27400
2014-01-04,144500,1400,27400
2014-01-05,145000,1400,27600
2014-01-06,145700,1400,27700
2014-01-07,146000,1400,27800
2014-01-08,146800,1400,28300
2014-01-09,147500,1400,28700
2014-01-10,147800,1400,28700
2014-01-11,148200,1400,28700
2014-01-12,148700,1400,28800
2014-01-13,149300,1400,28800
2014-01-14,149400,1400,29000
2014-01-15,149900,1400,29000
2014-01-16,150000,1400,29000
2014-01-17,150600,1400,29000
2014-01-18,150700,1400,29100
2014-01-19,151300,1400,29200
2014-01-20,151500,1400,29200
2014-01-21,151800,1400,29300
2014-01-22,152500,1500,29600
2014-01-23,152800,1500,29800
2014-01-24,153500,1500,29900
2014-01-25,154100,1500,29900
2014-01-26,154400,1500,30000
2014-01-27,154700,1500,30100
2014-01-28,154900,1500,30100
2014-01-29,155500,1500,30200
2014-01-30,155900,1500,30200
2014-01-31,156100,1600,30300
2014-02-01,157100,1600,30400
2014-02-02,157600,1600,30600
2014-02-03,157700,1600,30700
2014-02-04,158000,1600,30700
2014-02-05,158300,1600,30800
2014-02-06,158600,1600,30900
2014-02-07,158800,1600,31000
2014-02-08,159100,1600,31300
2014-02-09,159500,1600,31300
2014-02-10,160100,1600,31500
2014-02-11,160800,1600,31600
2014-02-12,161300,1600,31800
2014-02-13,161900,1600,32200
2014-02-14,162200,1600,32300
2014-02-15,162800,1600,32600
2014-02-16,163200,1600,32800
2014-02-17,163600,1600,32800
2014-02-18,164000,1600,33000
2014-02-19,164200,1600,33300
2014-02-20,164700,1600,33600
2014-02-21,164900,1600,33600
2014-02-22,165400,1600,33600
2014-02-23,166100,1600,33600
2014-02-24,166500,1600,33600
2014-02-25,167100,1600,33700
2014-02-26,167500,1700,33900
2014-02-27,167900,1700,34000
2014-02-28,168300,1800,34200
2014-03-01,169300,1800,34200
2014-03-02,169600,1900,34600
2014-03-03,170000,2000,34700
2014-03-04,170200,2000,34700
2014-03-05,170600,2000,34800
2014-03-06,171100,2000,34900
2014-03-07,171500,2000,35000
2014-03-08,171700,2000,35000
2014-03-09,172100,2000,35000
2014-03-10,172700,2000,35100
2014-03-11,173000,2000,35200
2014-03-12,173400,2000,35300
2014-03-13,173600,2000,35400
2014-03-14,173900,2000,35500
2014-03-15,174500,2000,35700
2014-03-16,174600,2000,35900
2014-03-17,174800,2000,36000
2014-03-18,175000,2000,36000
2014-03-19,175200,2000,36100
2014-03-20,175400,2000,36300
2014-03-21,175500,2000,36300
2014-03-22,176100,2000,36400
2014-03-23,176600,2000,36500
2014-03-24,176700,2000,36500
2014-03-25,176800,2100,36500
2014-03-26,176900,2100,36600
2014-03-27,177100,2100,36700
2014-03-28,177300,2100,36900
2014-03-29,177800,2100,36900
2014-03-30,178000,2100,37100
2014-03-31,178000,2100,37200
2014-04-01,178200,2100,37200
2014-04-02,179400,2200,37300
2014-04-03,181900,2300,37400
2014-04-04,185500,2400,38000
2014-04-05,189100,2400,38400
2014-04-06,191100,2600,39200
2014-04-07,193300,2600,39700
2014-04-08,195400,2600,40200
2014-04-09,197700,2700,40700
2014-04-10,199400,2900,40900
2014-04-11,202000,2900,41100
2014-04-12,203800,2900,41400
2014-04-13,205900,3200,41800
2014-04-14,208100,3200,42300
2014-04-15,210700,3200,42500
2014-04-16,211900,3200,42700
2014-04-17,213100,3200,43200
2014-04-18,214900,3200,43300
2014-04-19,216500,3300,43300
2014-04-20,218200,3300,43900
2014-04-21,219300,3300,44000
2014-04-22,220300,3300,44400
2014-04-23,221300,3300,44500
2014-04-24,222100,3300,44800
2014-04-25,222900,3500,45100
2014-04-26,224300,3600,45100
2014-04-27,225800,3600,45400
2014-04-28,227500,3600,45900
2014-04-29,228500,3700,46000
2014-04-30,229600,3700,46400
2014-05-01,231600,3800,46700
2014-05-02,232600,3800,47000
2014-05-03,233900,3900,47400
2014-05-04,235000,4000,47400
2014-05-05,236000,4000,47500
2014-05-06,236900,4000,47600
2014-05-07,237700,4000,47600
2014-05-08,238100,4000,47700
2014-05-09,238400,4000,47900
2014-05-10,239500,4000,48200
2014-05-11,240400,4000,48500
2014-05-12,241200,4100,48700
2014-05-13,241400,4100,48900
2014-05-14,242000,4100,49000
2014-05-15,242500,4100,49100
2014-05-16,243000,4100,49300
2014-05-17,243400,4100,49400
2014-05-18,244300,4200,49700
2014-05-19,244700,4200,49800
2014-05-20,245000,4200,49800
2014-05-21,245200,4200,49900
2014-05-22,245400,4200,49900
2014-05-23,246000,4200,50000
2014-05-24,246900,4200,50000
2014-05-25,247900,4200,50100
2014-05-26,248500,4200,50300
2014-05-27,248800,4200,50300
2014-05-28,249200,4200,50300
2014-05-29,249600,4200,50500
2014-05-30,249900,4200,50600
2014-05-31,250100,4200,50600
2014-06-01,250900,4200,50800
2014-06-02,251200,4200,50800
2014-06-03,251600,4200,51000
2014-06-04,252200,4200,51000
2014-06-05,252200,4200,51000
2014-06-06,252700,4200,51100
2014-06-07,253200,4200,51200
2014-06-08,253700,4200,51400
2014-06-09,254000,4200,51600
2014-06-10,254400,4400,51600
2014-06-11,254800,4400,51700
2014-06-12,255200,4500,51700
2014-06-13,255700,4500,51900
2014-06-14,256000,4500,52200
2014-06-15,256700,4500,52200
2014-06-16,257000,4600,52200
2014-06-17,257000,4600,52300
2014-06-18,257400,4600,52400
2014-06-19,257900,4600,52700
2014-06-20,258000,4600,52800
2014-06-21,258200,4700,52900
2014-06-22,258800,4700,53000
2014-06-23,259200,4800,53000
2014-06-24,259300,4900,53200
2014-06-25,260000,4900,53300
2014-06-26,260000,4900,53600
2014-06-27,260100,4900,53700
2014-06-28,260700,4900,54000
2014-06-29,260800,4900,54000
2014-06-30,261200,4900,54200
2014-07-01,261500,4900,54300
2014-07-02,261800,4900,54800
2014-07-03,262200,4900,55000
2014-07-04,262200,5000,55100
2014-07-05,262400,5000,55100
2014-07-06,262900,5000,55100
2014-07-07,263700,5000,55200
2014-07-08,264000,5000,55300
2014-07-09,264500,5000,55400
2014-07-10,264700,5000,55500
2014-07-11,265000,5000,55600
2014-07-12,265200,5100,55600
2014-07-13,265300,5300,55600
2014-07-14,265500,5300,55600
2014-07-15,265700,5300,55600
2014-07-16,265900,5300,55800
2014-07-17,266100,5300,55800
2014-07-18,266600,5300,55800
2014-07-19,267000,5300,55900
2014-07-20,267500,5300,55900
2014-07-21,267800,5300,55900
2014-07-22,267900,5300,56000
2014-07-23,268300,5300,56200
2014-07-24,268700,5300,56200
2014-07-25,268900,5300,56300
2014-07-26,268900,5300,56400
2014-07-27,269400,5300,56500
2014-07-28,269600,5300,56500
2014-07-29,269700,5300,56600
2014-07-30,269900,5300,56700
2014-07-31,270300,5300,56700
2014-08-01,270400,5300,56700
2014-08-02,270400,5300,56800
2014-08-03,270600,5300,57000
2014-08-04,270800,5400,57000
2014-08-05,271200,5400,57000
2014-08-06,271500,5400,57200
2014-08-07,271800,5400,57300
2014-08-08,272000,5400,57600
2014-08-09,272400,5400,58000
2014-08-10,272500,5400,58100
2014-08-11,272600,5400,58100
2014-08-12,272900,5400,58100
2014-08-13,273000,5400,58100
2014-08-14,273100,5400,58100
2014-08-15,273400,5400,58300
2014-08-16,273600,5400,58300
2014-08-17,274000,5400,58300
2014-08-18,274300,5400,58300
2014-08-19,274400,5400,58400
2014-08-20,274800,5700,58500
2014-08-21,275200,6000,58500
2014-08-22,275300,7000,58500
2014-08-23,275700,7700,58700
2014-08-24,275900,8000,58700
2014-08-25,275900,8200,58700
2014-08-26,276100,8700,58700
2014-08-27,276200,9500,58900
2014-08-28,276300,10000,59000
2014-08-29,276500,10500,59200
2014-08-30,277100,11500,59200
2014-08-31,277400,11800,59300
2014-09-01,278000,12700,59300
2014-09-02,278200,13200,59400
2014-09-03,278400,13700,59500
2014-09-04,278500,14300,59500
2014-09-05,278700,14700,59700
2014-09-06,279100,14800,59700
2014-09-07,279400,15400,59700
2014-09-08,279600,15700,59700
2014-09-09,279900,16100,59700
2014-09-10,280100,16400,59700
2014-09-11,280400,16800,59700
2014-09-12,280400,17000,59800
2014-09-13,280900,17500,59800
2014-09-14,281000,17700,59900
2014-09-15,281300,17900,60000
2014-09-16,281400,18000,60000
2014-09-17,281700,18200,60100
2014-09-18,281700,18500,60100
2014-09-19,282200,18700,60100
2014-09-20,282400,18800,60100
2014-09-21,282700,19000,60200
2014-09-22,282900,19300,60400
2014-09-23,283100,19600,60400
2014-09-24,283200,19600,60400
2014-09-25,283300,19800,60400
2014-09-26,283500,19900,60400
2014-09-27,283800,20200,60400
2014-09-28,284000,20200,60500
2014-09-29,284000,20400,60500
2014-09-30,284100,20700,60600
2014-10-01,284300,21000,60700
2014-10-02,284700,21200,60700
2014-10-03,284800,21400,60800
2014-10-04,285000,21700,61100
2014-10-05,285300,22000,61100
2014-10-06,285300,22200,61200
2014-10-07,285600,22300,61300
2014-10-08,285700,22300,61300
2014-10-09,285800,22700,61300
2014-10-10,286200,23300,61400
2014-10-11,286500,23600,61400
2014-10-12,286600,24000,61400
2014-10-13,287100,24500,61400
2014-10-14,287200,24700,61600
2014-10-15,287400,24800,61700
2014-10-16,287600,24800,61700
2014-10-17,287800,25100,61700
2014-10-18,288000,25200,61800
2014-10-19,288200,25200,61800
2014-10-20,288200,25400,61900
2014-10-21,288200,25700,62000
2014-10-22,288300,25700,62000
2014-10-23,288400,26000,62000
2014-10-24,288500,26000,62000
2014-10-25,288600,26100,62000
2014-10-26,288700,26400,62000
2014-10-27,288900,26500,62000
2014-10-28,289000,26700,62000
2014-10-29,289400,26700,62000
2014-10-30,289700,26800,62100
2014-10-31,289900,26900,62100
2014-11-01,290000,26900,62200
2014-11-02,290200,27100,62400
2014-11-03,290400,27200,62400
2014-11-04,290600,27300,62400
2014-11-05,290600,27300,62500
2014-11-06,290700,27400,62600
2014-11-07,290800,27400,62600
2014-11-08,291000,27500,62700
2014-11-09,291400,27600,62800
2014-11-10,291800,27700,62900
2014-11-11,292000,27800,62900
2014-11-12,292000,27800,62900
2014-11-13,292200,27900,63100
2014-11-14,292400,28200,63100
2014-11-15,292600,28300,63200
2014-11-16,292700,28300,63200
2014-11-17,292900,28400,63200
2014-11-18,293100,28500,63300
2014-11-19,293100,28600,63300
2014-11-20,293200,28600,63300
2014-11-21,293300,28600,63300
2014-11-22,293400,28800,63400
2014-11-23,293700,28900,63500
2014-11-24,293900,28900,63500
2014-11-25,294000,28900,63500
2014-11-26,294100,29000,63500
2014-11-27,294200,29000,63600
2014-11-28,294300,29000,63600
2014-11-29,294500,29200,63700
2014-11-30,294700,29200,63800
2014-12-01,294700,29300,63800
2014-12-02,294800,29300,63800
2014-12-03,294900,29300,63800
2014-12-04,294900,29300,63900
2014-12-05,295100,29300,64000
2014-12-06,295200,29600,64300
2014-12-07,295300,30000,64300
2014-12-08,295400,30100,64300
2014-12-09,295500,30100,64300
2014-12-10,295800,30300,64300
2014-12-11,296100,30300,64300
2014-12-12,296200,30400,64300
2014-12-13,296400,30600,64400
2014-12-14,296800,30600,64400
2014-12-15,296800,31000,64400
2014-12-16,297000,31200,64400
2014-12-17,297200,31400,64500
2014-12-18,297200,31700,64500
2014-12-19,297400,32300,64700
2014-12-20,297900,32900,64900
2014-12-21,298000,33400,64900
2014-12-22,298300,33900,64900
2014-12-23,298800,34500,64900
2014-12-24,298800,34700,65100
2014-12-25,298800,34700,65200
2014-12-26,298800,34900,65300
2014-12-27,299000,35200,65300
2014-12-28,299300,35300,65400
2014-12-29,299600,35800,65500
2014-12-30,299800,36100,65600
2014-12-31,300000,36200,65600
2015-01-01,300300,36800,65700
2015-01-02,300400,36800,65700
2015-01-03,300600,37300,65700
2015-01-04,300700,37400,65700
2015-01-05,300900,37400,65800
2015-01-06,301100,37600,65800
2015-01-07,301300,37900,65900
2015-01-08,301500,38300,66100
2015-01-09,301700,38800,66300
2015-01-10,301800,39100,66300
2015-01-11,302100,39500,66300
2015-01-12,302400,39900,66500
2015-01-13,302400,40200,66600
2015-01-14,302400,40400,66600
2015-01-15,302600,40600,66800
2015-01-16,302800,41200,67000
2015-01-17,302900,41500,67200
2015-01-18,303200,42000,67500
2015-01-19,303400,42300,67500
2015-01-20,303500,42600,67500
2015-01-21,303600,42900,67500
2015-01-22,303600,43000,67600
2015-01-23,304100,43400,67700
2015-01-24,304300,43800,67800
2015-01-25,304400,43900,67900
2015-01-26,304500,44300,68000
2015-01-27,304900,44600,68100
2015-01-28,305000,44800,68100
2015-01-29,305000,45200,68100
2015-01-30,305000,45400,68200
2015-01-31,305300,45900,68300
2015-02-01,305400,46300,68400
2015-02-02,305500,46400,68400
2015-02-03,305600,46800,68600
2015-02-04,305700,47300,68700
2015-02-05,305900,47400,68700
2015-02-06,306100,47800,68700
2015-02-07,306400,48000,68800
2015-02-08,306600,48100,68800
2015-02-09,306700,48200,68900
2015-02-10,306800,48200,68900
2015-02-11,307000,48200,69100
2015-02-12,307100,48300,69100
2015-02-13,307300,48400,69100
2015-02-14,307400,48600,69100
2015-02-15,307700,48600,69100
2015-02-16,308000,48600,69200
2015-02-17,308100,48700,69200
2015-02-18,308200,49000,69200
2015-02-19,308400,49300,69200
2015-02-20,308500,49300,69200
2015-02-21,308700,49800,69200
2015-02-22,308800,49900,69200
2015-02-23,308900,49900,69200
2015-02-24,309000,50100,69300
2015-02-25,309100,50600,69600
2015-02-26,309100,50600,69800
2015-02-27,309200,50600,69900
2015-02-28,309400,51000,70000
2015-03-01,309600,51200,70100
2015-03-02,309700,51300,70100
2015-03-03,309800,51600,70100
2015-03-04,309800,51900,70100
2015-03-05,309800,52400,70300
2015-03-06,310000,52800,70300
2015-03-07,310300,53100,70300
2015-03-08,310600,53300,70600
2015-03-09,310800,53500,70600
2015-03-10,310900,53900,70900
2015-03-11,311000,54700,71000
2015-03-12,311100,55300,71000
2015-03-13,311500,55800,71400
2015-03-14,312000,57000,71600
2015-03-15,312200,58000,71900
2015-03-16,312600,58600,71900
2015-03-17,313000,59500,71900
2015-03-18,313100,60200,71900
2015-03-19,313200,61300,72000
2015-03-20,313500,62100,72000
2015-03-21,313800,62800,72100
2015-03-22,313900,63600,72400
2015-03-23,314000,63900,72500
2015-03-24,314400,64300,72500
2015-03-25,314500,64700,72500
2015-03-26,314800,64900,72500
2015-03-27,314800,65200,72600
2015-03-28,314900,65700,72600
2015-03-29,315100,66200,72700
2015-03-30,315200,66700,72700
2015-03-31,315500,66900,72800
2015-04-01,315700,67500,73000
2015-04-02,315800,68000,73100
2015-04-03,316000,68200,73100
2015-04-04,316000,68700,73200
2015-04-05,316300,69000,73200
2015-04-06,316700,69100,73300
2015-04-07,316800,69500,73400
2015-04-08,316900,69900,73500
2015-04-09,317000,70000,73600
2015-04-10,317300,70000,73600
2015-04-11,317300,70300,73600
2015-04-12,317300,70600,73600
2015-04-13,317400,70600,73600
2015-04-14,317500,70700,73600
2015-04-15,317800,71000,73900
2015-04-16,317800,71300,74000
2015-04-17,317900,71400,74000
2015-04-18,317900,71700,74100
2015-04-19,318100,72500,74200
2015-04-20,318200,72800,74300
2015-04-21,318400,73100,74400
2015-04-22,318700,73300,74400
2015-04-23,318800,73600,74500
2015-04-24,318900,73900,74600
2015-04-25,319000,74300,74600
2015-04-26,319500,74800,74600
2015-04-27,319700,75400,74600
2015-04-28,319700,75800,74600
2015-04-29,319800,75900,74700
2015-04-30,320300,76200,74700
2015-05-01,320500,76300,74800
2015-05-02,320600,76700,74800
2015-05-03,320800,77100,74800
2015-05-04,320800,77300,75000
2015-05-05,320800,77300,75100
2015-05-06,320800,77500,75100
2015-05-07,320800,77600,75100
2015-05-08,320800,77800,75100
2015-05-09,321000,77900,75100
2015-05-10,321200,78500,75100
2015-05-11,321200,78900,75100
2015-05-12,321300,79300,75100
2015-05-13,321400,79500,75100
2015-05-14,321400,79800,75100
2015-05-15,321500,79800,75100
2015-05-16,321700,80200,75100
2015-05-17,321900,80700,75200
2015-05-18,321900,80900,75200
2015-05-19,321900,81100,75200
2015-05-20,322000,81200,75200
2015-05-21,322000,81400,75200
2015-05-22,322200,81500,75200
2015-05-23,322200,81800,75200
2015-05-24,322300,82100,75200
2015-05-25,322300,82200,75200
2015-05-26,322300,82400,75300
2015-05-27,322300,82400,75300
2015-05-28,322500,82400,75300
2015-05-29,322700,82700,75400
2015-05-30,322800,82900,75600
2015-05-31,323000,83200,75600
2015-06-01,323100,83300,75600
2015-06-02,323100,83300,75600
2015-06-03,323200,83500,75600
2015-06-04,323300,83700,75600
2015-06-05,323300,83800,75600
2015-06-06,323300,84000,75800
2015-06-07,323400,84200,75900
2015-06-08,323500,84300,76000
2015-06-09,323700,84300,76100
2015-06-10,323900,84700,76200
2015-06-11,323900,84900,76300
2015-06-12,324000,85400,76400
2015-06-13,324100,85700,76700
2015-06-14,324200,86100,76700
2015-06-15,324300,86200,77000
2015-06-16,324500,86700,77000
2015-06-17,324500,87100,77100
2015-06-18,324500,87300,77200
2015-06-19,324600,87600,77600
2015-06-20,324600,87900,77600
2015-06-21,324900,88200,77700
2015-06-22,324900,88800,77700
2015-06-23,324900,89300,77700
2015-06-24,325200,89700,77700
2015-06-25,325200,89800,77800
2015-06-26,325400,90200,77800
2015-06-27,325400,90700,77900
2015-06-28,325400,90700,78000
2015-06-29,325600,90800,78100
2015-06-30,325700,90900,78100
2015-07-01,325800,91100,78200
2015-07-02,325900,91400,78200
2015-07-03,326000,91500,78200
2015-07-04,326000,91700,78200
2015-07-05,326200,92000,78200
2015-07-06,326300,92400,78200
2015-07-07,326400,92500,78200
2015-07-08,326500,92700,78200
2015-07-09,326700,92900,78300
2015-07-10,326700,93100,78700
2015-07-11,326700,93200,78700
2015-07-12,326900,93500,78800
2015-07-13,326900,93600,78900
2015-07-14,327100,93800,79000
2015-07-15,327300,94200,79300
2015-07-16,327700,94400,79300
2015-07-17,327800,94800,79400
2015-07-18,327900,94900,79500
2015-07-19,328000,95100,79600
2015-07-20,328200,95600,79600
2015-07-21,328400,95800,79600
2015-07-22,328500,96000,79700
2015-07-23,328500,96200,79700
2015-07-24,328800,96500,79700
2015-07-25,328800,97000,79900
2015-07-26,329100,97200,80100
2015-07-27,329100,97800,80200
2015-07-28,329100,97900,80300
2015-07-29,329200,98500,80400
2015-07-30,329500,98800,80400
2015-07-31,329500,99100,80500
2015-08-01,329800,99300,80500
2015-08-02,330000,99800,80600
2015-08-03,330100,99900,80600
2015-08-04,330200,100200,80600
2015-08-05,330500,100600,80700
2015-08-06,330500,100800,81000
2015-08-07,330900,100900,81100
2015-08-08,331200,101000,81400
2015-08-09,331200,101100,81500
2015-08-10,331300,101400,81500
2015-08-11,331400,101700,81600
2015-08-12,331400,101700,81600
2015-08-13,331500,101800,81600
2015-08-14,331500,102200,81700
2015-08-15,331800,102500,81700
2015-08-16,332000,103100,81800
2015-08-17,332000,103300,81800
2015-08-18,332100,103400,81800
2015-08-19,332300,103900,81800
2015-08-20,332500,103900,81900
2015-08-21,332600,104400,81900
2015-08-22,332600,104400,81900
2015-08-23,332700,104900,82000
2015-08-24,332900,105100,82100
2015-08-25,332900,105400,82200
2015-08-26,333000,106000,82300
2015-08-27,333100,106900,82400
2015-08-28,333400,108200,82400
2015-08-29,333500,109300,82400
2015-08-30,333600,110100,82400
2015-08-31,333800,110500,82500
2015-09-01,334000,111400,82500
2015-09-02,334100,112000,82500
2015-09-03,334100,112500,82600
2015-09-04,334100,113100,82700
2015-09-05,334200,113500,82700
2015-09-06,334300,113900,82700
2015-09-07,334400,114200,82700
2015-09-08,334400,114500,82800
2015-09-09,334700,114700,82800
2015-09-10,334700,114800,82800
2015-09-11,334900,114900,82800
2015-09-12,334900,115200,82800
2015-09-13,335200,115200,82800
2015-09-14,335200,115500,82800
2015-09-15,335200,115500,82900
2015-09-16,335200,115600,82900
2015-09-17,335200,116100,82900
2015-09-18,335300,116100,82900
2015-09-19,335500,116600,82900
2015-09-20,335500,117100,82900
2015-09-21,335500,117100,83200
2015-09-22,335600,117200,83400
2015-09-23,335700,117500,83400
2015-09-24,335700,117600,83600
2015-09-25,335700,117900,83800
2015-09-26,335900,118400,83800
2015-09-27,335900,118600,83800
2015-09-28,335900,118700,84000
2015-09-29,335900,118900,84100
2015-09-30,336100,119000,84100
2015-10-01,336100,119200,84200
2015-10-02,336100,119400,84200
2015-10-03,336400,119500,84200
2015-10-04,336500,119900,84200
2015-10-05,336600,120400,84200
2015-10-06,336600,120500,84300
2015-10-07,336700,120800,84300
2015-10-08,336800,121200,84300
2015-10-09,336800,121400,84500
2015-10-10,336800,121600,84600
2015-10-11,336800,121700,84700
2015-10-12,336800,122000,84800
2015-10-13,336800,122100,84800
2015-10-14,336800,122300,84900
2015-10-15,336900,122500,85000
2015-10-16,337100,122700,85000
2015-10-17,337300,123200,85000
2015-10-18,337400,123300,85000
2015-10-19,337500,123500,85000
2015-10-20,337700,123700,85000
2015-10-21,337700,124100,85000
2015-10-22,337700,124300,85000
2015-10-23,337800,124600,85000
2015-10-24,338100,125000,85100
2015-10-25,338200,125300,85200
2015-10-26,338400,125600,85200
2015-10-27,338500,125600,85200
2015-10-28,338500,125600,85200
2015-10-29,338500,125800,85200
2015-10-30,338500,126000,85400
2015-10-31,338600,126100,85600
2015-11-01,338600,126500,85600
2015-11-02,338900,126600,85600
2015-11-03,339000,126600,85600
2015-11-04,339000,126900,85600
2015-11-05,339000,127000,85600
2015-11-06,339000,127100,85600
2015-11-07,339000,127500,85600
2015-11-08,339100,127700,85700
2015-11-09,339200,127800,85700
2015-11-10,339200,128000,85700
2015-11-11,339200,128200,85700
2015-11-12,339300,128300,85700
2015-11-13,339400,128400,85700
2015-11-14,339600,128500,85700
2015-11-15,339600,128700,85800
2015-11-16,339700,129000,85800
2015-11-17,339900,129200,85800
2015-11-18,340000,129300,85800
2015-11-19,340000,129500,85800
2015-11-20,340000,129800,85800
2015-11-21,340100,130000,85900
2015-11-22,340100,130200,85900
2015-11-23,340200,130400,86100
2015-11-24,340200,130600,86100
2015-11-25,340500,130900,86100
2015-11-26,340600,130900,86200
2015-11-27,340800,130900,86200
2015-11-28,340800,131100,86200
2015-11-29,341000,131200,86300
2015-11-30,341000,131300,86300
2015-12-01,341100,131500,86300
2015-12-02,341100,131600,86300
2015-12-03,341100,131700,86500
2015-12-04,341100,131800,86500
2015-12-05,341100,131800,86600
2015-12-06,341200,132000,86800
2015-12-07,341300,132100,86800
2015-12-08,341400,132200,86800
2015-12-09,341700,132500,86800
2015-12-10,341700,132600,86800
2015-12-11,341800,132700,86800
2015-12-12,341800,132900,86800
2015-12-13,342000,133000,86800
2015-12-14,342100,133100,86900
2015-12-15,342100,133300,87000
2015-12-16,342100,133400,87000
2015-12-17,342100,133400,87000
2015-12-18,342100,133800,87000
2015-12-19,342200,133900,87000
2015-12-20,342200,134000,87000
2015-12-21,342300,134200,87000
2015-12-22,342500,134400,87100
2015-12-23,342700,134500,87200
2015-12-24,342800,134600,87300
2015-12-25,342800,135200,87300
2015-12-26,342800,135300,87400
2015-12-27,342900,135700,87500
2015-12-28,343000,136000,87600
2015-12-29,343100,136400,87600
2015-12-30,343100,136500,87700
2015-12-31,343100,136700,87700
2016-01-01,343100,136900,87700
2016-01-02,343200,137500,87700
2016-01-03,343300,137600,87800
2016-01-04,343300,137900,87800
2016-01-05,343500,138400,88000
2016-01-06,343500,138600,88100
2016-01-07,343500,138900,88100
2016-01-08,343600,139200,88100
2016-01-09,343900,139600,88200
2016-01-10,343900,139800,88200
2016-01-11,343900,139900,88300
2016-01-12,343900,140100,88400
2016-01-13,343900,140200,88500
2016-01-14,344100,140400,88700
2016-01-15,344200,140700,88800
2016-01-16,344400,141300,88900
2016-01-17,344500,141900,88900
2016-01-18,344500,142100,89000
2016-01-19,344600,142500,89100
2016-01-20,344600,142800,89100
2016-01-21,344800,143100,89400
2016-01-22,344800,143500,89400
2016-01-23,344900,144000,89500
2016-01-24,344900,144900,89600
2016-01-25,345100,145900,89800
2016-01-26,345300,146300,89800
2016-01-27,345400,146600,90000
2016-01-28,345600,147000,90000
2016-01-29,345600,147600,90000
2016-01-30,345800,148300,90000
2016-01-31,345800,148700,90100
2016-02-01,345800,148800,90100
2016-02-02,345900,149000,90100
2016-02-03,345900,149300,90100
2016-02-04,345900,149800,90100
2016-02-05,345900,150000,90200
2016-02-06,346000,150700,90200
2016-02-07,346100,150900,90200
2016-02-08,346100,151400,90300
2016-02-09,346100,151800,90300
2016-02-10,346100,152300,90500
2016-02-11,346200,152500,90700
2016-02-12,346200,152500,90800
2016-02-13,346400,153000,90800
2016-02-14,346400,153300,90800
2016-02-15,346400,153500,90800
2016-02-16,346700,153800,90800
2016-02-17,346700,153900,90900
2016-02-18,346800,154600,90900
2016-02-19,346800,154700,91000
2016-02-20,346800,154900,91000
2016-02-21,346800,155100,91100
2016-02-22,346900,155200,91200
2016-02-23,346900,155400,91200
2016-02-24,347000,155700,91300
2016-02-25,347000,155900,91300
2016-02-26,347000,156300,91400
2016-02-27,347000,156900,91500
2016-02-28,347000,157300,91500
2016-02-29,347000,157300,91500
2016-03-01,347100,157500,91600
2016-03-02,347200,157700,91600
2016-03-03,347200,157800,91600
2016-03-04,347200,158000,91600
2016-03-05,347300,158400,91600
2016-03-06,347500,158500,91600
2016-03-07,347500,158900,91800
2016-03-08,347600,159200,91800
2016-03-09,347600,159500,91800
2016-03-10,347700,159800,91800
2016-03-11,347700,160000,91800
2016-03-12,347800,160100,91800
2016-03-13,347800,160600,91800
2016-03-14,347900,160800,92000
2016-03-15,347900,160900,92000
2016-03-16,348000,161000,92000
2016-03-17,348000,161000,92000
2016-03-18,348000,161100,92100
2016-03-19,348100,161400,92200
2016-03-20,348100,161600,92300
2016-03-21,348100,161800,92300
2016-03-22,348100,161900,92300
2016-03-23,348400,162000,92300
2016-03-24,348400,162500,92300
2016-03-25,348400,162500,92300
2016-03-26,348500,162700,92300
2016-03-27,348500,163100,92400
2016-03-28,348600,163200,92500
2016-03-29,348600,163400,92600
2016-03-30,348600,163400,92600
2016-03-31,348600,163600,92600
2016-04-01,348600,163600,92600
2016-04-02,348600,163700,92600
2016-04-03,348600,164200,92600
2016-04-04,348600,164400,92600
2016-04-05,348700,164600,92600
2016-04-06,348800,164900,92600
2016-04-07,348800,164900,92600
2016-04-08,348800,164900,92600
2016-04-09,348900,165100,92600
2016-04-10,349000,165600,92600
2016-04-11,349100,166100,92700
2016-04-12,349100,166600,92800
2016-04-13,349200,166600,92900
2016-04-14,349300,167000,92900
2016-04-15,349400,167600,92900
2016-04-16,349600,167700,92900
2016-04-17,349600,168300,92900
2016-04-18,349600,168800,92900
2016-04-19,349700,169000,93000
2016-04-20,349700,169100,93000
2016-04-21,349700,169400,93100
2016-04-22,349700,169600,93100
2016-04-23,349700,169600,93200
2016-04-24,349700,169800,93200
2016-04-25,349700,170000,93300
2016-04-26,349800,170200,93300
2016-04-27,349800,170300,93300
2016-04-28,349800,170500,93300
2016-04-29,349900,170700,93300
2016-04-30,349900,170700,93300
2016-05-01,349900,171000,93300
2016-05-02,349900,171000,93400
2016-05-03,350100,171100,93500
2016-05-04,350200,171100,93500
2016-05-05,350200,171200,93500
2016-05-06,350200,171500,93500
2016-05-07,350400,171800,93500
2016-05-08,350500,172000,93500
2016-05-09,350500,172100,93500
2016-05-10,350500,172200,93500
2016-05-11,350500,172500,93500
2016-05-12,350600,172500,93500
2016-05-13,350600,172800,93500
2016-05-14,350600,172900,93500
2016-05-15,350600,172900,93600
2016-05-16,350700,173100,93600
2016-05-17,350700,173300,93600
2016-05-18,350700,173500,93600
2016-05-19,350800,173800,93600
2016-05-20,350900,174000,93600
2016-05-21,351000,174100,93600
2016-05-22,351000,174200,93700
2016-05-23,351000,174200,93700
2016-05-24,351100,174300,93700
2016-05-25,351100,174500,93800
2016-05-26,351200,174600,93800
2016-05-27,351200,174800,93900
2016-05-28,351200,174800,93900
2016-05-29,351300,175100,94000
2016-05-30,351400,175200,94000
2016-05-31,351600,175400,94100
2016-06-01,351800,175400,94100
2016-06-02,351900,175600,94100
2016-06-03,351900,175800,94100
2016-06-04,352000,176000,94100
2016-06-05,352000,176100,94100
2016-06-06,352000,176100,94100
2016-06-07,352000,176100,94100
2016-06-08,352000,176200,94200
2016-06-09,352000,176300,94200
2016-06-10,352000,176600,94200
2016-06-11,352000,176800,94200
2016-06-12,352000,176900,94300
2016-06-13,352100,177100,94300
2016-06-14,352100,177300,94300
2016-06-15,352100,177300,94400
2016-06-16,352200,177600,94400
2016-06-17,352200,177800,94400
2016-06-18,352200,177800,94400
2016-06-19,352300,177800,94600
2016-06-20,352400,177900,94600
2016-06-21,352500,177900,94600
2016-06-22,352500,178200,94600
2016-06-23,352500,178300,94700
2016-06-24,352500,178600,94700
2016-06-25,352500,178600,94700
2016-06-26,352600,178700,94700
2016-06-27,352700,178900,94700
2016-06-28,352700,179100,94800
2016-06-29,352700,179100,94800
2016-06-30,352700,179200,94800
2016-07-01,352800,179500,94900
2016-07-02,352900,179600,94900
2016-07-03,352900,179800,94900
2016-07-04,352900,180100,95000
2016-07-05,353000,180200,95000
2016-07-06,353100,180400,95200
2016-07-07,353100,180500,95200
2016-07-08,353100,180600,95200
2016-07-09,353200,180700,95200
2016-07-10,353200,180700,95200
2016-07-11,353300,180700,95200
2016-07-12,353300,181000,95200
2016-07-13,353400,181000,95200
2016-07-14,353400,181100,95200
2016-07-15,353500,181200,95300
2016-07-16,353600,181400,95500
2016-07-17,353600,181400,95500
2016-07-18,353700,181700,95600
2016-07-19,353800,181900,95600
2016-07-20,353800,182400,95600
2016-07-21,353900,182700,95600
2016-07-22,353900,183000,95600
2016-07-23,353900,183100,95600
2016-07-24,354000,183400,95600
2016-07-25,354200,183500,95600
2016-07-26,354200,183700,95700
2016-07-27,354200,183900,95700
2016-07-28,354300,184200,95700
2016-07-29,354300,184600,95700
2016-07-30,354300,184700,95700
2016-07-31,354400,185100,95800
2016-08-01,354400,185300,95800
2016-08-02,354500,185400,95900
2016-08-03,354500,185500,95900
2016-08-04,354500,185800,95900
2016-08-05,354600,186300,95900
2016-08-06,354600,186400,95900
2016-08-07,354600,186500,95900
2016-08-08,354700,186500,95900
2016-08-09,354700,186500,95900
2016-08-10,354700,186800,96100
2016-08-11,354700,187100,96100
2016-08-12,354700,187400,96100
2016-08-13,354800,187700,96200
2016-08-14,354900,187700,96300
2016-08-15,355000,187800,96300
2016-08-16,355100,188000,96300
2016-08-17,355100,188000,96300
2016-08-18,355100,188100,96300
2016-08-19,355100,188300,96300
2016-08-20,355300,188400,96300
2016-08-21,355300,188400,96300
2016-08-22,355300,188400,96300
2016-08-23,355300,188500,96300
2016-08-24,355500,188700,96400
2016-08-25,355500,188700,96500
2016-08-26,355600,188800,96500
2016-08-27,355700,188800,96500
2016-08-28,355700,188800,96600
2016-08-29,355700,189000,96600
2016-08-30,355700,189300,96600
2016-08-31,355700,189400,96800
2016-09-01,355800,189600,96900
2016-09-02,355900,189700,96900
2016-09-03,355900,189700,96900
2016-09-04,355900,190000,96900
2016-09-05,356000,190100,96900
2016-09-06,356000,190200,97000
2016-09-07,356100,190300,97000
2016-09-08,356100,190400,97000
2016-09-09,356100,190600,97100
2016-09-10,356100,190800,97200
2016-09-11,356200,190800,97300
2016-09-12,356200,190900,97400
2016-09-13,356200,191200,97600
2016-09-14,356200,191200,97600
2016-09-15,356200,191400,97600
2016-09-16,356200,191700,97600
2016-09-17,356400,191900,97600
2016-09-18,356400,192000,97800
2016-09-19,356500,192000,97800
2016-09-20,356500,192200,97800
2016-09-21,356600,192400,97800
2016-09-22,356600,192500,97800
2016-09-23,356600,192600,97800
2016-09-24,356600,192900,97800
2016-09-25,356600,193100,97800
2016-09-26,356600,193300,97900
2016-09-27,356600,193600,97900
2016-09-28,356700,193800,98000
2016-09-29,356700,194100,98000
2016-09-30,356700,194200,98100
2016-10-01,356800,194500,98300
2016-10-02,356800,194700,98300
2016-10-03,356800,194900,98300
2016-10-04,357000,194900,98300
2016-10-05,357000,195100,98300
2016-10-06,357000,195100,98300
2016-10-07,357100,195400,98300
2016-10-08,357200,195800,98300
2016-10-09,357300,195900,98300
2016-10-10,357300,196000,98400
2016-10-11,357300,196200,98500
2016-10-12,357300,196200,98700
2016-10-13,357300,196300,98700
2016-10-14,357300,196300,98700
2016-10-15,357500,196500,98700
2016-10-16,357500,196600,98700
2016-10-17,357600,196600,98700
2016-10-18,357600,196700,98700
2016-10-19,357600,196900,98800
2016-10-20,357600,197000,98900
2016-10-21,357700,197200,98900
2016-10-22,357700,197400,98900
2016-10-23,357700,197500,99000
2016-10-24,357700,197600,99000
2016-10-25,357800,197900,99000
2016-10-26,357800,198100,99000
2016-10-27,357900,198400,99000
2016-10-28,357900,198500,99000
2016-10-29,358000,198800,99000
2016-10-30,358000,199000,99000
2016-10-31,358000,199100,99100
2016-11-01,358000,199200,99100
2016-11-02,358000,199400,99100
2016-11-03,358000,199500,99100
2016-11-04,358000,199600,99100
2016-11-05,358000,199800,99300
2016-11-06,358000,199900,99400
2016-11-07,358000,199900,99600
2016-11-08,358100,200100,99700
2016-11-09,358200,200200,99800
2016-11-10,358200,200400,99800
2016-11-11,358200,200600,99800
2016-11-12,358200,201100,99800
2016-11-13,358300,201700,99900
2016-11-14,358300,201800,100000
2016-11-15,358400,202300,100100
2016-11-16,358400,202700,100100
2016-11-17,358400,202900,100100
2016-11-18,358500,203000,100100
2016-11-19,358500,203200,100100
2016-11-20,358600,203400,100200
2016-11-21,358600,203400,100200
2016-11-22,358700,203600,100200
2016-11-23,358700,203700,100200
2016-11-24,358700,203900,100200
2016-11-25,358800,204200,100400
2016-11-26,358800,204300,100500
2016-11-27,358900,204800,100500
2016-11-28,358900,205000,100500
2016-11-29,358900,205100,100500
2016-11-30,358900,205200,100500
2016-12-01,358900,205400,100500
2016-12-02,359000,205600,100500
2016-12-03,359100,205800,100500
2016-12-04,359100,206000,100500
2016-12-05,359200,206100,100500
2016-12-06,359400,206200,100500
2016-12-07,359400,206400,100500
2016-12-08,359400,206400,100500
2016-12-09,359400,206600,100500
2016-12-10,359400,206900,100600
2016-12-11,359400,207200,100700
2016-12-12,359400,207200,100700
2016-12-13,359400,207200,100700
2016-12-14,359500,207300,100700
2016-12-15,359500,207500,100800
2016-12-16,359500,207700,100800
2016-12-17,359500,207700,100800
2016-12-18,359600,207900,100800
2016-12-19,359600,208000,100900
2016-12-20,359600,208300,100900
2016-12-21,359600,208300,100900
2016-12-22,359600,208800,101000
2016-12-23,359600,209000,101000
2016-12-24,359600,209300,101200
2016-12-25,359600,209800,101200
2016-12-26,359700,210300,101200
2016-12-27,359700,210500,101300
2016-12-28,360000,210800,101500
2016-12-29,360000,211600,101500
2016-12-30,360300,211900,101500
2016-12-31,360400,212400,101500
2017-01-01,360500,212900,101500
2017-01-02,360600,213300,101500
2017-01-03,360600,213700,101600
2017-01-04,360600,214100,101600
2017-01-05,360700,214400,101600
2017-01-06,360800,214600,101600
2017-01-07,360900,215000,101700
2017-01-08,361000,215200,101700
2017-01-09,361300,215600,101700
2017-01-10,361300,216000,101800
2017-01-11,361300,216300,101800
2017-01-12,361300,216600,101900
2017-01-13,361300,216800,101900
2017-01-14,361300,217300,102000
2017-01-15,361500,218000,102000
2017-01-16,361500,218400,102000
2017-01-17,361500,218700,102100
2017-01-18,361600,218900,102100
2017-01-19,361600,219200,102200
2017-01-20,361700,219500,102200
2017-01-21,361700,219900,102400
2017-01-22,361800,220300,102500
2017-01-23,361800,220400,102500
2017-01-24,361900,220500,102500
2017-01-25,361900,220600,102500
2017-01-26,361900,220900,102600
2017-01-27,361900,221100,102600
2017-01-28,361900,221800,102600
2017-01-29,362100,221800,102700
2017-01-30,362100,221900,102800
2017-01-31,362100,222100,102800
2017-02-01,362100,222300,102900
2017-02-02,362100,222300,102900
2017-02-03,362100,222300,102900
2017-02-04,362100,222600,102900
2017-02-05,362300,222900,103100
2017-02-06,362300,223300,103100
2017-02-07,362400,223600,103100
2017-02-08,362400,223800,103100
2017-02-09,362400,223900,103100
2017-02-10,362400,224200,103100
2017-02-11,362500,224500,103100
2017-02-12,362500,224800,103100
2017-02-13,362500,225000,103100
2017-02-14,362600,225000,103200
2017-02-15,362600,225200,103300
2017-02-16,362600,225300,103300
2017-02-17,362600,225700,103300
2017-02-18,362600,226200,103400
2017-02-19,362700,226500,103400
2017-02-20,362800,226900,103400
2017-02-21,362800,227300,103400
2017-02-22,362800,227400,103400
2017-02-23,363000,227600,103400
2017-02-24,363100,227800,103400
2017-02-25,363200,228100,103400
2017-02-26,363200,228300,103400
2017-02-27,363300,228500,103400
2017-02-28,363300,228700,103400
2017-03-01,363300,228800,103400
2017-03-02,363300,228900,103400
2017-03-03,363300,229100,103400
2017-03-04,363300,229400,103400
2017-03-05,363400,229500,103500
2017-03-06,363400,229600,103500
2017-03-07,363400,229800,103500
2017-03-08,363400,229800,103500
2017-03-09,363500,230300,103500
2017-03-10,363500,230400,103500
2017-03-11,363600,230700,103500
2017-03-12,363700,231000,103600
2017-03-13,363700,231200,103600
2017-03-14,363700,231300,103600
2017-03-15,363700,231600,103600
2017-03-16,363700,231700,103600
2017-03-17,363700,231800,103600
2017-03-18,363800,231900,103600
2017-03-19,363900,232000,103600
2017-03-20,363900,232000,103600
2017-03-21,363900,232300,103700
2017-03-22,363900,232500,103900
2017-03-23,364000,232500,103900
2017-03-24,364000,232600,103900
2017-03-25,364100,232600,104100
2017-03-26,364200,232800,104100
2017-03-27,364200,232800,104200
2017-03-28,364200,232900,104200
2017-03-29,364300,233000,104200
2017-03-30,364300,233100,104200
2017-03-31,364300,233200,104200
2017-04-01,364400,233200,104200
2017-04-02,364500,233400,104200
2017-04-03,364600,233500,104300
2017-04-04,364600,233500,104300
2017-04-05,364600,233600,104400
2017-04-06,364600,233600,104400
2017-04-07,364600,233600,104400
2017-04-08,364700,233900,104400
2017-04-09,364800,234200,104400
2017-04-10,364800,234300,104400
2017-04-11,364800,234300,104500
2017-04-12,364800,234300,104600
2017-04-13,364800,234400,104800
2017-04-14,364800,234600,104800
2017-04-15,364800,234700,104800
2017-04-16,364800,234800,104900
2017-04-17,364800,235000,104900
2017-04-18,364800,235000,104900
2017-04-19,364800,235100,104900
2017-04-20,364800,235100,105000
2017-04-21,364800,235300,105000
2017-04-22,364900,235300,105100
2017-04-23,364900,235500,105200
2017-04-24,364900,235700,105200
2017-04-25,365100,235700,105200
2017-04-26,365100,235800,105300
2017-04-27,365100,236000,105300
2017-04-28,365200,236200,105300
2017-04-29,365200,236400,105300
2017-04-30,365200,236600,105300
2017-05-01,365200,236800,105300
2017-05-02,365200,236800,105300
2017-05-03,365200,237100,105400
2017-05-04,365200,237300,105400
2017-05-05,365200,237500,105400
2017-05-06,365200,237600,105400
2017-05-07,365400,237900,105400
2017-05-08,365600,238000,105400
2017-05-09,365600,238100,105500
2017-05-10,365600,238500,105500
2017-05-11,365700,238700,105500
2017-05-12,365700,238800,105500
2017-05-13,365800,239200,105500
2017-05-14,366000,239300,105600
2017-05-15,366000,239500,105600
2017-05-16,366100,239700,105600
2017-05-17,366200,240100,105600
2017-05-18,366200,240100,105600
2017-05-19,366300,240400,105600
2017-05-20,366400,240700,105600
2017-05-21,366400,240900,105600
2017-05-22,366400,241000,105600
2017-05-23,366400,241000,105600
2017-05-24,366500,241000,105600
2017-05-25,366500,241300,105600
2017-05-26,366500,241600,105600
2017-05-27,366600,241800,105700
2017-05-28,366600,242200,105700
2017-05-29,366600,242400,105800
2017-05-30,366600,242500,105800
2017-05-31,366600,242700,105800
2017-06-01,366600,242800,105800
2017-06-02,366700,242900,105800
2017-06-03,366800,243400,105900
2017-06-04,367000,243600,105900
2017-06-05,367000,243700,105900
2017-06-06,367000,243900,105900
2017-06-07,367000,244000,106000
2017-06-08,367000,244200,106100
2017-06-09,367100,244500,106100
2017-06-10,367100,245100,106200
2017-06-11,367100,245300,106200
2017-06-12,367100,245300,106200
2017-06-13,367100,245400,106200
2017-06-14,367100,245700,106200
2017-06-15,367100,245800,106300
2017-06-16,367200,246000,106300
2017-06-17,367200,246100,106400
2017-06-18,367400,246300,106400
2017-06-19,367400,246800,106400
2017-06-20,367400,247000,106400
2017-06-21,367500,247200,106400
2017-06-22,367600,247600,106400
2017-06-23,367600,247700,106400
2017-06-24,367600,248000,106400
2017-06-25,367600,248300,106500
2017-06-26,367600,248500,106500
2017-06-27,367600,248600,106600
2017-06-28,367600,249000,106600
2017-06-29,367600,249100,106600
2017-06-30,367600,249200,106600
2017-07-01,367600,249500,106700
2017-07-02,367600,249600,106800
2017-07-03,367600,249900,106800
2017-07-04,367600,249900,106800
2017-07-05,367700,250200,106800
2017-07-06,367700,250500,106800
2017-07-07,367800,250700,106800
2017-07-08,367800,250800,106800
2017-07-09,367800,250900,106900
2017-07-10,367800,251100,106900
2017-07-11,367800,251500,106900
2017-07-12,367900,252100,106900
2017-07-13,367900,252300,106900
2017-07-14,367900,252500,107000
2017-07-15,368000,252900,107000
2017-07-16,368000,253100,107000
2017-07-17,368000,253200,107100
2017-07-18,368000,253700,107100
2017-07-19,368000,254200,107100
2017-07-20,368000,254300,107100
2017-07-21,368100,254700,107200
2017-07-22,368100,255200,107300
2017-07-23,368300,255700,107300
2017-07-24,368400,256000,107300
2017-07-25,368400,256100,107300
2017-07-26,368400,256200,107400
2017-07-27,368400,256800,107400
2017-07-28,368500,256800,107400
2017-07-29,368500,257200,107400
2017-07-30,368500,257700,107400
2017-07-31,368500,257900,107400
2017-08-01,368500,258500,107400
2017-08-02,368500,258900,107400
2017-08-03,368500,259300,107600
2017-08-04,368500,260200,107600
2017-08-05,368600,260500,107600
2017-08-06,368600,260700,107600
2017-08-07,368800,261100,107600
2017-08-08,368800,261500,107600
2017-08-09,368900,261800,107600
2017-08-10,368900,262300,107700
2017-08-11,368900,262300,107700
2017-08-12,368900,262900,107700
2017-08-13,368900,263100,107800
2017-08-14,369000,263400,107800
2017-08-15,369000,263700,107800
2017-08-16,369000,264000,107800
2017-08-17,369000,264000,107900
2017-08-18,369000,264200,107900
2017-08-19,369000,264500,108100
2017-08-20,369000,264800,108100
2017-08-21,369000,264900,108200
2017-08-22,369000,265100,108200
2017-08-23,369000,265300,108200
2017-08-24,369000,265500,108200
2017-08-25,369000,265800,108200
2017-08-26,369100,266400,108200
2017-08-27,369100,266700,108300
2017-08-28,369100,266700,108300
2017-08-29,369100,267100,108300
2017-08-30,369100,267200,108300
2017-08-31,369200,267300,108300
2017-09-01,369300,267500,108400
2017-09-02,369300,267900,108500
2017-09-03,369300,268300,108500
2017-09-04,369300,268600,108500
2017-09-05,369300,269100,108500
2017-09-06,369300,269300,108600
2017-09-07,369400,269500,108600
2017-09-08,369400,269500,108600
2017-09-09,369500,269800,108700
2017-09-10,369600,270100,108700
2017-09-11,369700,270300,108700
2017-09-12,369700,270500,108800
2017-09-13,369700,270600,108800
2017-09-14,369700,270600,108800
2017-09-15,369700,270700,109000
2017-09-16,369700,270800,109000
2017-09-17,369900,271000,109100
2017-09-18,369900,271200,109200
2017-09-19,369900,271300,109200
2017-09-20,369900,271500,109300
2017-09-21,370000,271600,109300
2017-09-22,370000,271700,109300
2017-09-23,370300,272100,109300
2017-09-24,370300,272100,109300
2017-09-25,370300,272300,109300
2017-09-26,370300,272600,109300
2017-09-27,370300,272700,109300
2017-09-28,370300,272800,109400
2017-09-29,370300,273100,109400
2017-09-30,370300,273400,109500
2017-10-01,370400,273700,109600
2017-10-02,370500,273700,109600
2017-10-03,370600,273700,109600
2017-10-04,370700,273800,109900
2017-10-05,370700,273900,109900
2017-10-06,370700,273900,110000
2017-10-07,370800,274000,110000
2017-10-08,370800,274500,110000
2017-10-09,370900,274600,110300
2017-10-10,370900,274700,110300
2017-10-11,370900,274700,110300
2017-10-12,370900,275200,110300
2017-10-13,370900,275400,110300
2017-10-14,370900,275800,110300
2017-10-15,370900,276600,110300
2017-10-16,371000,276700,110300
2017-10-17,371000,276900,110300
2017-10-18,371000,277100,110400
2017-10-19,371000,277300,110500
2017-10-20,371200,277300,110600
2017-10-21,371200,277400,110600
2017-10-22,371200,277800,110600
2017-10-23,371300,278000,110700
2017-10-24,371300,278400,110700
2017-10-25,371300,278400,110700
2017-10-26,371300,278400,110700
2017-10-27,371300,278500,110700
2017-10-28,371300,278600,110700
2017-10-29,371400,278700,110700
2017-10-30,371400,278800,110800
2017-10-31,371400,279000,110800
2017-11-01,371400,279200,110800
2017-11-02,371400,279200,110800
2017-11-03,371400,279200,110800
2017-11-04,371400,279300,110900
2017-11-05,371400,279500,111000
2017-11-06,371400,279700,111000
2017-11-07,371500,279900,111100
2017-11-08,371500,280100,111100
2017-11-09,371500,280400,111100
2017-11-10,371500,280700,111100
2017-11-11,371500,280900,111200
2017-11-12,371500,281200,111200
2017-11-13,371500,281500,111200
2017-11-14,371500,281500,111200
2017-11-15,371500,281600,111200
2017-11-16,371500,281600,111200
2017-11-17,371500,281600,111200
2017-11-18,371600,282500,111200
2017-11-19,371800,283000,111200
2017-11-20,371800,283200,111200
2017-11-21,371800,283500,111200
2017-11-22,371900,283700,111300
2017-11-23,371900,284000,111300
2017-11-24,371900,284100,111500
2017-11-25,371900,284100,111500
2017-11-26,371900,284400,111500
2017-11-27,371900,284500,111600
2017-11-28,371900,284700,111600
2017-11-29,371900,284900,111600
2017-11-30,371900,285300,111700
2017-12-01,371900,285600,111700
2017-12-02,371900,286200,111700
2017-12-03,371900,286700,111700
2017-12-04,372000,286900,111700
2017-12-05,372000,287000,111800
2017-12-06,372100,287000,111800
2017-12-07,372100,287200,111800
2017-12-08,372100,287300,111800
2017-12-09,372100,287500,111800
2017-12-10,372100,287500,111800
2017-12-11,372100,287600,111800
2017-12-12,372100,287800,111800
2017-12-13,372100,288000,111900
2017-12-14,372200,288400,111900
2017-12-15,372200,288900,111900
2017-12-16,372300,289000,111900
2017-12-17,372300,289700,111900
2017-12-18,372300,290100,111900
2017-12-19,372300,290400,111900
2017-12-20,372300,290500,111900
2017-12-21,372300,291000,111900
2017-12-22,372300,291300,112100
2017-12-23,372400,291500,112100
2017-12-24,372500,291700,112100
2017-12-25,372500,292000,112100
2017-12-26,372500,292200,112100
2017-12-27,372500,292300,112100
2017-12-28,372500,292600,112100
2017-12-29,372600,293000,112100
2017-12-30,372600,293300,112100
2017-12-31,372600,293600,112200
2018-01-01,372700,293900,112200
2018-01-02,372700,294200,112200
2018-01-03,372700,294500,112300
2018-01-04,372700,294700,112300
2018-01-05,372900,295200,112500
2018-01-06,372900,295600,112500
2018-01-07,373000,296300,112500
2018-01-08,373000,296800,112500
2018-01-09,373000,297200,112500
2018-01-10,373000,297600,112600
2018-01-11,373000,297800,112700
2018-01-12,373000,298300,112700
2018-01-13,373000,298700,112800
2018-01-14,373000,298900,112900
2018-01-15,373100,299300,112900
2018-01-16,373100,299300,112900
2018-01-17,373200,299500,112900
2018-01-18,373200,299600,112900
2018-01-19,373200,299900,112900
2018-01-20,373400,300300,112900
2018-01-21,373400,300900,112900
2018-01-22,373400,301500,112900
2018-01-23,373400,301600,112900
2018-01-24,373400,301800,112900
2018-01-25,373400,302100,113000
2018-01-26,373400,302400,113000
2018-01-27,373400,302900,113000
2018-01-28,373400,303100,113000
2018-01-29,373400,303100,113000
2018-01-30,373400,303300,113000
2018-01-31,373400,303600,113000
2018-02-01,373400,303700,113000
2018-02-02,373500,303700,113000
2018-02-03,373500,303900,113000
2018-02-04,373500,304100,113000
2018-02-05,373600,304200,113100
2018-02-06,373600,304600,113100
2018-02-07,373600,305000,113200
2018-02-08,373600,305600,113200
2018-02-09,373600,306400,113200
2018-02-10,373600,308000,113200
2018-02-11,373800,309000,113200
2018-02-12,373900,309500,113200
2018-02-13,373900,310100,113200
2018-02-14,373900,310400,113200
2018-02-15,374000,310800,113200
2018-02-16,374100,311100,113200
2018-02-17,374100,311800,113200
2018-02-18,374100,312900,113200
2018-02-19,374100,313600,113300
2018-02-20,374200,314100,113300
2018-02-21,374200,314500,113300
2018-02-22,374200,314900,113400
2018-02-23,374200,315200,113400
2018-02-24,374300,315700,113400
2018-02-25,374300,316400,113400
2018-02-26,374400,316500,113400
2018-02-27,374400,316600,113400
2018-02-28,374400,317000,113400
2018-03-01,374400,317200,113400
2018-03-02,374500,317800,113500
2018-03-03,374600,318400,113600
2018-03-04,374600,319200,113600
2018-03-05,374600,319700,113700
2018-03-06,374600,320300,113700
2018-03-07,374600,320400,113700
2018-03-08,374600,320500,113700
2018-03-09,374600,320600,113700
2018-03-10,374600,321200,113700
2018-03-11,374600,322200,113700
2018-03-12,374600,322700,113800
2018-03-13,374800,323100,113800
2018-03-14,374800,323300,113800
2018-03-15,374800,323700,113800
2018-03-16,374800,323800,113900
2018-03-17,374800,324200,113900
2018-03-18,374900,324600,113900
2018-03-19,374900,324700,113900
2018-03-20,374900,325000,113900
2018-03-21,375000,325200,113900
2018-03-22,375000,325500,113900
2018-03-23,375000,326100,114000
2018-03-24,375000,326600,114200
2018-03-25,375000,327300,114200
2018-03-26,375100,327600,114200
2018-03-27,375100,328200,114300
2018-03-28,375200,328700,114300
2018-03-29,375200,329200,114300
2018-03-30,375200,329800,114400
2018-03-31,375400,330500,114400
2018-04-01,375500,331700,114400
2018-04-02,375500,331900,116600
2018-04-03,375500,332700,116600
2018-04-04,375500,332900,116600
2018-04-05,375500,333200,116900
2018-04-06,375500,333600,116900
2018-04-07,375500,334400,117000
2018-04-08,375700,334700,117100
2018-04-09,375800,335200,117200
2018-04-10,375800,335400,117200
2018-04-11,375800,335800,117200
2018-04-12,375800,336000,117200
2018-04-13,375800,336200,117200
2018-04-14,375800,336500,117200
2018-04-15,375900,337100,117200
2018-04-16,376000,337200,117400
2018-04-17,376000,337600,117500
2018-04-18,376100,337900,117500
2018-04-19,376100,338000,117500
2018-04-20,376200,338000,117500
2018-04-21,376200,338300,117500
2018-04-22,376200,338600,117500
2018-04-23,376200,338700,117500
2018-04-24,376200,339000,117500
2018-04-25,376200,339300,117500
2018-04-26,376200,339400,117500
2018-04-27,376200,339800,117500
2018-04-28,376300,340100,117500
2018-04-29,376400,340600,117500
2018-04-30,376400,340800,117500
2018-05-01,376400,340900,117500
2018-05-02,376400,341100,117500
2018-05-03,376400,341200,117500
2018-05-04,376400,341200,117600
2018-05-05,376400,341700,117600
2018-05-06,376500,341900,117600
2018-05-07,376500,341900,117600
2018-05-08,376500,341900,119500
2018-05-09,376500,342000,119500
2018-05-10,376500,342300,119500
2018-05-11,376500,342500,119500
2018-05-12,376500,342600,119500
2018-05-13,376500,342900,119500
2018-05-14,376500,343100,119600
2018-05-15,376500,343100,119600
2018-05-16,376500,343300,119600
2018-05-17,376500,343300,119600
2018-05-18,376500,343300,119600
2018-05-19,376500,343600,119600
2018-05-20,376500,343800,119600
2018-05-21,376500,344100,119600
2018-05-22,376500,344200,119600
2018-05-23,376600,344400,119600
2018-05-24,376600,344600,119600
2018-05-25,376700,345100,119600
2018-05-26,376700,345200,119600
2018-05-27,376700,345500,119600
2018-05-28,376800,346000,119800
2018-05-29,376800,346300,119800
2018-05-30,376900,346600,119800
2018-05-31,376900,347400,119800
2018-06-01,376900,348000,119900
2018-06-02,376900,348400,119900
2018-06-03,376900,348900,119900
2018-06-04,376900,349400,119900
2018-06-05,376900,349900,119900
2018-06-06,376900,350800,119900
2018-06-07,377000,351000,119900
2018-06-08,377000,351100,119900
2018-06-09,377000,351200,119900
2018-06-10,377000,351300,119900
2018-06-11,377100,351500,119900
2018-06-12,377100,351800,119900
2018-06-13,377100,351900,119900
2018-06-14,377100,352100,119900
2018-06-15,377100,352100,120000
2018-06-16,377200,352200,120000
2018-06-17,377200,352200,120000
2018-06-18,377200,352300,120000
2018-06-19,377200,352600,120000
2018-06-20,377200,352600,120000
2018-06-21,377200,352700,120000
2018-06-22,377200,353000,120000
2018-06-23,377200,353200,120000
2018-06-24,377200,353300,120000
2018-06-25,377200,353500,120000
2018-06-26,377200,353500,120100
2018-06-27,377200,353700,120100
2018-06-28,377200,353900,120100
2018-06-29,377300,354000,120100
2018-06-30,377300,354200,120100
2018-07-01,377300,354400,120100
2018-07-02,377300,354500,120300
2018-07-03,377300,354500,120600
2018-07-04,377300,354600,120600
2018-07-05,377400,354700,120700
2018-07-06,377500,354800,120700
2018-07-07,377500,355100,120700
2018-07-08,377500,355100,120700
2018-07-09,377500,355300,120700
2018-07-10,377500,355600,120800
2018-07-11,377500,355600,120900
2018-07-12,377500,355700,121100
2018-07-13,377500,355700,121200
2018-07-14,377500,355700,121200
2018-07-15,377500,355700,121300
2018-07-16,377600,355700,121300
2018-07-17,377600,355900,121400
2018-07-18,377700,356000,121500
2018-07-19,377700,356300,121700
2018-07-20,377700,356500,121700
2018-07-21,377700,357000,121700
2018-07-22,377700,357300,121800
2018-07-23,377700,357500,121800
2018-07-24,377700,357500,121900
2018-07-25,377700,357900,121900
2018-07-26,377700,358200,122000
2018-07-27,377700,358300,122000
2018-07-28,377700,358700,122000
2018-07-29,377800,359000,122000
2018-07-30,377800,359200,122200
2018-07-31,377800,359600,122200
2018-08-01,377800,359800,122200
2018-08-02,377800,360100,122200
2018-08-03,377800,360300,122200
2018-08-04,377900,361000,122300
2018-08-05,377900,361500,122500
2018-08-06,377900,361600,122600
2018-08-07,377900,361800,122600
2018-08-08,377900,362000,122600
2018-08-09,377900,362500,122700
2018-08-10,378000,363000,122700
2018-08-11,378100,363200,122800
2018-08-12,378100,363500,122800
2018-08-13,378100,363600,122800
2018-08-14,378100,363900,123000
2018-08-15,378100,364100,123100
2018-08-16,378200,364500,123100
2018-08-17,378200,364700,123100
2018-08-18,378300,365000,123100
2018-08-19,378300,365400,123200
2018-08-20,378400,365700,123200
2018-08-21,378400,365900,123200
2018-08-22,378400,366500,123200
2018-08-23,378400,366700,123200
2018-08-24,378500,367000,123200
2018-08-25,378500,367400,123200
2018-08-26,378500,367700,123300
2018-08-27,378500,367900,123300
2018-08-28,378500,368000,123400
2018-08-29,378500,368000,123500
2018-08-30,378700,368300,123500
2018-08-31,378700,368600,123600
2018-09-01,378700,368600,123600
2018-09-02,378700,368700,123600
2018-09-03,378800,369000,123700
2018-09-04,378900,369000,123700
2018-09-05,378900,369000,123900
2018-09-06,378900,369100,124000
2018-09-07,379100,369200,124000
2018-09-08,379100,369600,124000
2018-09-09,379100,369600,124000
2018-09-10,379100,369900,124000
2018-09-11,379100,370100,124100
2018-09-12,379100,370400,124100
2018-09-13,379100,370400,124200
2018-09-14,379100,370600,124200
2018-09-15,379100,370900,124200
2018-09-16,379100,371100,124300
2018-09-17,379100,371100,124300
2018-09-18,379100,371500,124300
2018-09-19,379200,371900,124300
2018-09-20,379200,372000,124400
2018-09-21,379200,372200,124500
2018-09-22,379200,372400,124600
2018-09-23,379200,372500,124600
2018-09-24,379200,372500,124600
2018-09-25,379200,372700,124600
2018-09-26,379200,372700,124600
2018-09-27,379200,372700,124600
2018-09-28,379200,372800,124600
2018-09-29,379200,373000,124600
2018-09-30,379300,373300,124600
2018-10-01,379300,373400,124600
2018-10-02,379400,373600,124600
2018-10-03,379400,373800,124600
2018-10-04,379500,373900,124600
2018-10-05,379500,374200,124600
2018-10-06,379600,374400,124600
2018-10-07,379700,374800,124600
2018-10-08,379700,374900,124600
2018-10-09,379700,375300,124600
2018-10-10,379700,375400,125000
2018-10-11,379700,375500,125000
2018-10-12,379700,375500,125000
2018-10-13,379700,375800,125100
2018-10-14,379700,375900,125100
2018-10-15,379700,375900,125100
2018-10-16,379700,376200,125200
2018-10-17,379700,376400,125200
2018-10-18,379700,376500,125200
2018-10-19,379700,376600,125200
2018-10-20,379700,376900,125200
2018-10-21,379800,377200,125200
2018-10-22,379800,377300,125200
2018-10-23,379800,377400,125300
2018-10-24,379800,377400,125300
2018-10-25,379800,377500,125400
2018-10-26,379800,377600,125500
2018-10-27,379800,377600,125500
2018-10-28,379800,377600,125500
2018-10-29,379800,377800,125600
2018-10-30,379800,377800,125600
2018-10-31,379800,378200,125600
2018-11-01,379800,378200,125600
2018-11-02,379800,378300,125600
2018-11-03,379800,378500,125600
2018-11-04,379800,378700,125700
2018-11-05,379800,378700,125700
2018-11-06,379800,378700,125700
2018-11-07,379800,378800,125700
2018-11-08,379800,378900,125700
2018-11-09,379800,379200,125700
2018-11-10,379800,379200,125700
2018-11-11,379800,379300,125700
2018-11-12,379800,379500,125700
2018-11-13,379800,379600,125700
2018-11-14,379800,379800,125700
2018-11-15,379800,380000,125700
2018-11-16,379800,380000,125700
2018-11-17,379800,380000,125700
2018-11-18,379800,380200,125700
2018-11-19,379800,380300,125700
2018-11-20,379800,380300,125700
2018-11-21,379800,380400,125700
2018-11-22,379800,380400,125700
2018-11-23,379800,380400,125700
2018-11-24,379800,380500,125700
2018-11-25,379800,380900,125700
2018-11-26,379800,381400,125700
2018-11-27,379800,382200,125700
2018-11-28,379800,382700,125700
2018-11-29,379800,383200,125700
2018-11-30,379800,384400,125700
2018-12-01,379800,386600,125700
2018-12-02,379800,388800,125800
2018-12-03,379800,390500,125800
2018-12-04,379900,390600,125800
2018-12-05,379900,391100,125800
2018-12-06,379900,391200,125900
2018-12-07,379900,391300,125900
2018-12-08,379900,391600,125900
2018-12-09,379900,391800,125900
2018-12-10,379900,391900,125900
2018-12-11,379900,392500,125900
2018-12-12,379900,392600,126000
2018-12-13,379900,392900,126000
2018-12-14,380000,392900,126000
2018-12-15,380000,393300,126000
2018-12-16,380000,393400,126000
2018-12-17,380000,393600,126000
2018-12-18,380000,393600,126000
2018-12-19,380000,393600,126000
2018-12-20,380000,394000,126000
2018-12-21,380000,394100,126000
2018-12-22,380100,394300,126000
2018-12-23,380100,394600,126100
2018-12-24,380100,394900,126100
2018-12-25,380100,395100,126100
2018-12-26,380100,395200,126100
2018-12-27,380100,395500,126200
2018-12-28,380100,395600,126200
2018-12-29,380100,395900,126300
2018-12-30,380100,396200,126300
2018-12-31,380100,396200,126400
2019-01-01,380100,396200,126400
2019-01-02,380100,396500,126400
2019-01-03,380100,396600,126500
2019-01-04,380100,396600,126600
2019-01-05,380100,396700,126600
2019-01-06,380100,396800,126600
2019-01-07,380100,397000,126600
2019-01-08,380100,397000,126700
2019-01-09,380100,397100,126800
2019-01-10,380100,397100,126800
2019-01-11,380100,397100,126800
2019-01-12,380100,397400,126800
2019-01-13,380200,397500,126800
2019-01-14,380200,397700,126800
2019-01-15,380200,397800,126800
2019-01-16,380200,397900,126800
2019-01-17,380200,398200,126800
2019-01-18,380200,398400,126800
2019-01-19,380200,398900,126800
2019-01-20,380300,399300,126800
2019-01-21,380300,399900,126800
2019-01-22,380300,400200,126800
2019-01-23,380300,400300,126800
2019-01-24,380300,400600,126800
2019-01-25,380300,400900,126800
2019-01-26,380300,401600,126800
2019-01-27,380300,401800,126800
2019-01-28,380300,402100,126800
2019-01-29,380300,402300,126800
2019-01-30,380300,402400,126800
2019-01-31,380300,402600,126800
2019-02-01,380300,403100,126800
2019-02-02,380300,403600,126800
2019-02-03,380300,403900,126900
2019-02-04,380300,404300,126900
2019-02-05,380300,404600,126900
2019-02-06,380300,405100,126900
2019-02-07,380300,405500,127000
2019-02-08,380300,405800,127000
2019-02-09,380300,405900,127000
2019-02-10,380300,406100,127000
2019-02-11,380300,406400,127000
2019-02-12,380400,406600,127100
2019-02-13,380400,406600,127200
2019-02-14,380400,406600,127200
2019-02-15,380400,406600,127200
2019-02-16,380400,406600,127400
2019-02-17,380400,406800,127500
2019-02-18,380400,406900,127500
2019-02-19,380400,407000,127500
2019-02-20,380400,407100,127500
2019-02-21,380400,407100,127500
2019-02-22,380400,407100,127600
2019-02-23,380400,407100,127600
2019-02-24,380400,407400,127600
2019-02-25,380400,407500,127800
2019-02-26,380400,407500,127800
2019-02-27,380400,407700,127800
2019-02-28,380400,407900,127900
2019-03-01,380500,408300,127900
2019-03-02,380500,408600,127900
2019-03-03,380500,409000,127900
2019-03-04,380500,409300,127900
2019-03-05,380500,409300,127900
2019-03-06,380500,409700,127900
2019-03-07,380500,409700,127900
2019-03-08,380500,410100,127900
2019-03-09,380500,410500,127900
2019-03-10,380500,411000,127900
2019-03-11,380500,411300,127900
2019-03-12,380500,411300,127900
2019-03-13,380500,411400,127900
2019-03-14,380500,411500,128000
2019-03-15,380500,411600,128000
2019-03-16,380500,412000,128000
2019-03-17,380600,412500,128000
2019-03-18,380700,412600,128000
2019-03-19,380800,412900,128000
2019-03-20,380800,413100,128000
2019-03-21,380800,413600,128100
2019-03-22,380800,413700,128100
2019-03-23,380800,414200,128100
2019-03-24,380800,414600,128100
2019-03-25,380800,414800,128100
2019-03-26,380800,415000,128100
2019-03-27,380800,415200,128200
2019-03-28,380900,415500,128300
2019-03-29,380900,415600,128400
2019-03-30,380900,416300,128400
2019-03-31,380900,416700,128400
2019-04-01,380900,416800,128400
2019-04-02,380900,417000,128400
2019-04-03,380900,417200,128500
2019-04-04,380900,417300,128600
2019-04-05,380900,417300,128600
2019-04-06,380900,417300,128600
2019-04-07,380900,417500,128700
2019-04-08,380900,417500,128700
2019-04-09,380900,417900,128700
2019-04-10,381000,417900,128700
2019-04-11,381000,418100,128700
2019-04-12,381000,418200,128800
2019-04-13,381000,418400,128800
2019-04-14,381000,418500,128800
2019-04-15,381000,418800,128800
2019-04-16,381000,418900,128800
2019-04-17,381000,419000,128900
2019-04-18,381000,419000,128900
2019-04-19,381000,419300,128900
2019-04-20,381000,419600,129000
2019-04-21,381100,419800,129000
2019-04-22,381100,419800,129000
2019-04-23,381100,419800,129000
2019-04-24,381100,419800,129000
2019-04-25,381100,420000,129000
2019-04-26,381100,420000,129000
2019-04-27,381200,420300,129000
2019-04-28,381200,420500,129000
2019-04-29,381200,420700,129000
2019-04-30,381200,420700,129000
2019-05-01,381200,420900,129000
2019-05-02,381200,421300,129000
2019-05-03,381200,421400,129000
2019-05-04,381300,421600,129000
2019-05-05,381400,421600,129100
2019-05-06,381400,421800,129100
2019-05-07,381400,421800,129100
2019-05-08,381400,422000,129300
2019-05-09,381400,422300,129300
2019-05-10,381400,422300,129400
2019-05-11,381400,422800,129400
2019-05-12,381400,422900,129500
2019-05-13,381400,423100,129600
2019-05-14,381400,423200,129800
2019-05-15,381400,423400,129800
2019-05-16,381400,423600,129900
2019-05-17,381400,423800,129900
2019-05-18,381400,424100,129900
2019-05-19,381500,424500,129900
2019-05-20,381500,424600,129900
2019-05-21,381600,424800,129900
2019-05-22,381600,424900,130000
2019-05-23,381600,425000,130000
2019-05-24,381600,425200,130000
2019-05-25,381600,425400,130000
2019-05-26,381600,425600,130200
2019-05-27,381600,426000,130200
2019-05-28,381600,426100,130200
2019-05-29,381600,426200,130300
2019-05-30,381600,426600,130300
2019-05-31,381600,427100,130300
2019-06-01,381600,427200,130400
2019-06-02,381600,427700,130400
2019-06-03,381600,428000,130400
2019-06-04,381700,428200,130700
2019-06-05,381800,428500,130700
2019-06-06,381800,428500,130700
2019-06-07,381800,428700,130800
2019-06-08,381900,429100,130800
2019-06-09,381900,429400,130800
2019-06-10,381900,429700,130800
2019-06-11,381900,430100,130800
2019-06-12,381900,430300,130800
2019-06-13,381900,430600,130800
2019-06-14,381900,430800,130800
2019-06-15,381900,431000,130800
2019-06-16,381900,431300,130800
2019-06-17,382000,431300,130800
2019-06-18,382000,431500,130800
2019-06-19,382000,431600,130900
2019-06-20,382000,431800,130900
2019-06-21,382000,431800,130900
2019-06-22,382000,432400,130900
2019-06-23,382100,432800,130900
2019-06-24,382100,432900,131000
2019-06-25,382100,433000,131000
2019-06-26,382100,433000,131000
2019-06-27,382100,433200,131000
2019-06-28,382100,433300,131000
2019-06-29,382100,433500,131000
2019-06-30,382200,433600,131100
2019-07-01,382200,433600,131300
2019-07-02,382200,433700,131300
2019-07-03,382200,433800,131300
2019-07-04,382200,434000,131300
2019-07-05,382200,434000,131300
2019-07-06,382200,434300,131400
2019-07-07,382200,434400,131700
2019-07-08,382300,434400,131800
2019-07-09,382300,434600,131800
2019-07-10,382300,434700,131800
2019-07-11,382400,435100,131800
2019-07-12,382400,435200,131800
2019-07-13,382400,435200,131800
2019-07-14,382400,435500,131800
2019-07-15,382400,435600,131900
2019-07-16,382400,435800,132000
2019-07-17,382400,436000,132100
2019-07-18,382400,437100,132100
2019-07-19,382400,438900,132100
2019-07-20,382500,440700,132200
2019-07-21,382500,442300,132200
2019-07-22,382500,443500,132200
2019-07-23,382500,443900,132200
2019-07-24,382500,444200,132200
2019-07-25,382500,444500,132200
2019-07-26,382500,444700,132200
2019-07-27,382500,445100,132200
2019-07-28,382500,445400,132300
2019-07-29,382500,445800,132300
2019-07-30,382600,446100,132300
2019-07-31,382600,446100,132300
2019-08-01,382700,446200,132300
2019-08-02,382700,446300,132400
2019-08-03,382700,446400,132400
2019-08-04,382700,446700,132400
2019-08-05,382700,447100,132400
2019-08-06,382800,447400,132500
2019-08-07,382800,447500,132700
2019-08-08,382800,447700,132700
2019-08-09,382800,447800,132700
2019-08-10,382800,448100,132700
2019-08-11,382800,448200,132800
2019-08-12,382800,448300,132800
2019-08-13,382800,448500,132800
2019-08-14,382800,448700,132900
2019-08-15,383000,448700,133000
2019-08-16,383000,448800,133100
2019-08-17,383000,448900,133100
2019-08-18,383000,449100,133100
2019-08-19,383000,449100,133200
2019-08-20,383100,449100,133200
2019-08-21,383100,449500,133200
2019-08-22,383200,449900,133200
2019-08-23,383200,450500,133300
2019-08-24,383200,451000,133400
2019-08-25,383200,451400,133400
2019-08-26,383300,451900,133400
2019-08-27,383300,452100,133400
2019-08-28,383400,452600,133500
2019-08-29,383400,453200,133600
2019-08-30,383400,453400,133600
2019-08-31,383400,453900,133600
2019-09-01,383400,454500,133600
2019-09-02,383400,454800,133600
2019-09-03,383400,455100,133700
2019-09-04,383400,455600,133700
2019-09-05,383400,455800,133900
2019-09-06,383500,456500,133900
2019-09-07,383500,456900,133900
2019-09-08,383600,457600,133900
2019-09-09,383600,457700,134000
2019-09-10,383600,457900,134000
2019-09-11,383600,458200,134000
2019-09-12,383600,458500,134000
2019-09-13,383600,458900,134000
2019-09-14,383600,459200,134100
2019-09-15,383700,459400,134100
2019-09-16,383700,459500,134200
2019-09-17,383700,459900,134200
2019-09-18,383700,459900,134200
2019-09-19,383700,459900,134200
2019-09-20,383700,459900,134200
2019-09-21,383700,459900,134200
2019-09-22,383700,459900,134300
2019-09-23,383800,460000,134300
2019-09-24,383800,460200,134400
2019-09-25,383800,460200,134400
2019-09-26,383800,460200,134400
2019-09-27,383800,460300,134400
2019-09-28,383900,460600,134500
2019-09-29,383900,460600,134500
2019-09-30,383900,460900,134500
2019-10-01,383900,461100,134500
2019-10-02,383900,461200,134500
2019-10-03,383900,461500,134500
2019-10-04,383900,461700,134500
2019-10-05,383900,462200,134700
2019-10-06,383900,462300,134800
2019-10-07,383900,462600,134800
2019-10-08,383900,462900,134900
2019-10-09,383900,462900,134900
2019-10-10,383900,463200,134900
2019-10-11,384000,463300,134900
2019-10-12,384000,463400,134900
2019-10-13,384000,463400,135000
2019-10-14,384000,463700,135000
2019-10-15,384000,463700,135000
2019-10-16,384000,463800,135000
2019-10-17,384000,463900,135000
2019-10-18,384000,463900,135000
2019-10-19,384100,463900,135000
2019-10-20,384100,464000,135000
2019-10-21,384100,464000,135000
2019-10-22,384100,464300,135000
2019-10-23,384100,464400,135000
2019-10-24,384100,464400,135000
2019-10-25,384200,464400,135000
2019-10-26,384300,464400,135100
2019-10-27,384300,464600,135200
2019-10-28,384500,464700,135300
2019-10-29,384500,464800,135500
2019-10-30,384500,464800,135500
2019-10-31,384500,464800,135600
2019-11-01,384500,464800,135600
2019-11-02,384500,464900,135600
2019-11-03,384500,465300,135600
2019-11-04,384500,465400,135600
2019-11-05,384500,465500,135600
2019-11-06,384500,465500,135600
2019-11-07,384500,465800,135600
2019-11-08,384500,465800,135600
2019-11-09,384500,465800,135600
2019-11-10,384600,465900,135700
2019-11-11,384600,466000,135700
2019-11-12,384600,466100,135700
2019-11-13,384600,466100,135700
2019-11-14,384700,466100,135800
2019-11-15,384700,466200,135800
2019-11-16,384700,466200,135800
2019-11-17,384700,466400,135800
2019-11-18,384700,466600,135800
2019-11-19,384700,466600,135800
2019-11-20,384700,466700,135800
2019-11-21,384700,466700,135800
2019-11-22,384700,466900,135800
2019-11-23,384700,467200,135800
2019-11-24,384700,467300,135900
2019-11-25,384700,467300,136000
2019-11-26,384700,467500,136000
2019-11-27,384700,467600,136000
2019-11-28,384700,467600,136000
2019-11-29,384700,468000,136000
2019-11-30,384700,468200,136200
2019-12-01,384700,468600,136200
2019-12-02,384700,469100,136200
2019-12-03,384900,469300,136200
2019-12-04,384900,469600,136400
2019-12-05,385000,469700,136400
2019-12-06,385000,470000,136400
2019-12-07,385000,470200,136400
2019-12-08,385000,470600,136400
2019-12-09,385000,470600,136400
2019-12-10,385000,470700,136400
2019-12-11,385100,470700,136400
2019-12-12,385100,470900,136400
2019-12-13,385100,470900,136400
2019-12-14,385100,471200,136400
2019-12-15,385100,471500,136500
2019-12-16,385100,471600,136500
2019-12-17,385100,471800,136500
2019-12-18,385200,471800,136500
2019-12-19,385200,471900,136500
2019-12-20,385200,472000,136500
2019-12-21,385200,472200,136500
2019-12-22,385300,472700,136600
2019-12-23,385300,473200,136600
2019-12-24,385300,473900,136600
2019-12-25,385300,474800,136600
2019-12-26,385400,475800,136600
2019-12-27,385500,476800,136700
2019-12-28,385500,477300,136700
2019-12-29,385500,478100,136700
2019-12-30,385500,478600,136700
2019-12-31,385500,479500,136700
2020-01-01,385500,479800,136700
2020-01-02,385500,480200,136700
2020-01-03,385500,481300,136700
2020-01-04,385500,482000,136800
2020-01-05,385500,482500,136800
2020-01-06,385500,482900,136800
2020-01-07,385500,483200,136900
2020-01-08,385500,483700,136900
2020-01-09,385600,484000,137000
2020-01-10,385600,484400,137000
2020-01-11,385600,484900,137100
2020-01-12,385600,485300,137200
2020-01-13,385600,485600,137300
2020-01-14,385600,486300,137300
2020-01-15,385700,486300,137300
2020-01-16,385800,486400,137400
2020-01-17,385800,486900,137400
2020-01-18,385800,486900,137500
2020-01-19,385800,487200,137500
2020-01-20,385800,487300,137600
2020-01-21,385900,487400,137700
2020-01-22,385900,487500,137700
2020-01-23,385900,487600,137800
2020-01-24,385900,487700,137800
2020-01-25,386000,487800,137800
2020-01-26,386000,487900,137900
2020-01-27,386000,488100,137900
2020-01-28,386100,488300,137900
2020-01-29,386100,488300,138100
2020-01-30,386200,488300,138100
2020-01-31,386200,488400,138100
2020-02-01,386300,488400,138100
2020-02-02,386300,488500,138100
2020-02-03,386300,488900,138100
2020-02-04,386300,489000,138200
2020-02-05,386400,489100,138200
2020-02-06,386400,489200,138200
2020-02-07,386400,489400,138300
2020-02-08,386500,489500,138300
2020-02-09,386500,489600,138300
2020-02-10,386500,489600,138300
2020-02-11,386500,489700,138400
2020-02-12,386500,489900,138400
2020-02-13,386500,490000,138400
2020-02-14,386500,490200,138400
2020-02-15,386600,490500,138600
2020-02-16,386600,491000,138600
2020-02-17,386600,491400,138600
2020-02-18,386600,491700,138600
2020-02-19,386700,492000,138700
2020-02-20,386700,492000,138800
2020-02-21,386800,492000,138800
2020-02-22,386900,492300,138900
2020-02-23,386900,492300,138900
2020-02-24,386900,492700,139000
2020-02-25,386900,492800,139000
2020-02-26,386900,492900,139000
2020-02-27,387000,493100,139000
2020-02-28,387000,493300,139000
2020-02-29,387000,493400,139100
2020-03-01,387000,493400,139300
2020-03-02,387000,493500,139400
2020-03-03,387000,493800,139400
2020-03-04,387000,494000,139400
2020-03-05,387000,494100,139400
2020-03-06,387100,494300,139500
2020-03-07,387100,494700,139500
2020-03-08,387100,494900,139500
2020-03-09,387100,495000,139600
2020-03-10,387100,495000,139600
2020-03-11,387100,495300,139800
2020-03-12,387100,495400,139800
2020-03-13,387100,495600,139800
2020-03-14,387100,495800,139800
2020-03-15,387100,496100,139900
2020-03-16,387100,496200,140000
2020-03-17,387100,496200,140100
2020-03-18,387200,496300,140100
2020-03-19,387200,496400,140100
2020-03-20,387300,496800,140100
2020-03-21,387300,496900,140100
2020-03-22,387400,497300,140200
2020-03-23,387400,497500,140200
2020-03-24,387400,497700,140400
2020-03-25,387500,497800,140400
2020-03-26,387500,497800,140400
2020-03-27,387600,498200,140400
2020-03-28,387700,498300,140600
2020-03-29,387700,498400,140600
2020-03-30,387700,498400,140600
2020-03-31,387700,498700,140600
2020-04-01,387700,499000,140700
2020-04-02,387800,499000,140700
2020-04-03,387800,499300,140700
2020-04-04,387800,499300,140700
2020-04-05,387800,499400,140700
2020-04-06,387800,499700,140800
2020-04-07,388000,499800,140800
2020-04-08,388000,499800,140900
2020-04-09,388100,499800,141000
2020-04-10,388100,500000,141000
2020-04-11,388100,500000,141100
2020-04-12,388100,500300,141200
2020-04-13,388100,500400,141200
2020-04-14,388200,500500,141300
2020-04-15,388300,500500,141300
2020-04-16,388300,500600,141400
2020-04-17,388300,500800,141400
2020-04-18,388300,500800,141500
2020-04-19,388300,500800,141600
2020-04-20,388400,500900,141600
2020-04-21,388400,501000,141600
2020-04-22,388400,501100,141600
2020-04-23,388400,501200,141700
2020-04-24,388400,501400,141700
2020-04-25,388400,501600,141800
2020-04-26,388400,501600,141900
2020-04-27,388500,501700,142000
2020-04-28,388500,501800,142000
2020-04-29,388500,501800,142100
2020-04-30,388500,501900,142200
2020-05-01,388500,501900,142200
2020-05-02,388500,502000,142300
2020-05-03,388500,502100,142300
2020-05-04,388500,502400,142300
2020-05-05,388500,502600,142300
2020-05-06,388500,502900,142300
2020-05-07,388500,503400,142300
2020-05-08,388500,504200,142300
2020-05-09,388500,504900,142300
2020-05-10,388600,505900,142400
2020-05-11,388600,506700,142500
2020-05-12,388600,507200,142500
2020-05-13,388600,508200,142500
2020-05-14,388600,509000,142500
2020-05-15,388700,510100,142600
2020-05-16,388800,510800,142600
2020-05-17,388800,511200,142600
2020-05-18,388800,512300,142600
2020-05-19,388900,512800,142700
2020-05-20,388900,512900,142700
2020-05-21,388900,513200,142800
2020-05-22,388900,513500,142900
2020-05-23,388900,513700,143000
2020-05-24,388900,514200,143000
2020-05-25,388900,514700,143000
2020-05-26,388900,514900,143000
2020-05-27,388900,515200,143000
2020-05-28,388900,515700,143000
2020-05-29,388900,516400,143000
2020-05-30,388900,517100,143000
2020-05-31,388900,518100,143000
2020-06-01,388900,518600,143100
2020-06-02,388900,519200,143200
2020-06-03,388900,519500,143200
2020-06-04,388900,519700,143300
2020-06-05,388900,520100,143400
2020-06-06,388900,520600,143400
2020-06-07,388900,521000,143600
2020-06-08,388900,521300,143600
2020-06-09,389000,522200,143600
2020-06-10,389000,522500,143800
2020-06-11,389100,522800,143800
2020-06-12,389100,523000,143800
2020-06-13,389200,523400,144100
2020-06-14,389200,523500,144100
2020-06-15,389300,523600,144200
2020-06-16,389300,523800,144200
2020-06-17,389400,523900,144300
2020-06-18,389400,524300,144300
2020-06-19,389400,524400,144300
2020-06-20,389400,524600,144300
2020-06-21,389500,524800,144400
2020-06-22,389600,525100,144400
2020-06-23,389600,525500,144400
2020-06-24,389600,525700,144400
2020-06-25,389600,525800,144400
2020-06-26,389600,526100,144500
2020-06-27,389600,526300,144500
2020-06-28,389600,526700,144500
2020-06-29,389600,527000,144500
2020-06-30,389600,527200,144500
2020-07-01,389600,527300,144500
2020-07-02,389800,527400,144500
2020-07-03,389900,527700,144500
2020-07-04,389900,527700,144500
2020-07-05,389900,528000,144600
2020-07-06,389900,528300,144600
2020-07-07,389900,528500,144700
2020-07-08,389900,529000,144800
2020-07-09,389900,529100,144800
2020-07-10,389900,529400,144900
2020-07-11,389900,529400,144900
2020-07-12,389900,529700,144900
2020-07-13,389900,529900,145000
2020-07-14,389900,530200,145100
2020-07-15,390000,530200,145100
2020-07-16,390100,530400,145300
2020-07-17,390100,530500,145300
2020-07-18,390100,530800,145400
2020-07-19,390100,530800,145400
2020-07-20,390100,530800,145400
2020-07-21,390100,530900,145400
2020-07-22,390100,531000,145600
2020-07-23,390200,531100,145600
2020-07-24,390200,531100,145600
2020-07-25,390200,531300,145600
2020-07-26,390200,531600,145600
2020-07-27,390200,531800,145700
2020-07-28,390300,531900,145800
2020-07-29,390400,532000,145800
2020-07-30,390400,532300,145800
2020-07-31,390400,532400,145800
2020-08-01,390400,532500,145800
2020-08-02,390400,532500,145800
2020-08-03,390400,532700,145800
2020-08-04,390400,532700,145800
2020-08-05,390400,532700,145800
2020-08-06,390500,532700,145800
2020-08-07,390500,532900,145800
2020-08-08,390500,533200,145800
2020-08-09,390500,533400,145900
2020-08-10,390500,533400,146000
2020-08-11,390500,533600,146000
2020-08-12,390500,533700,146000
2020-08-13,390500,533700,146000
2020-08-14,390500,533900,146000
2020-08-15,390500,533900,146000
2020-08-16,390500,534000,146000
2020-08-17,390500,534100,146200
2020-08-18,390600,534600,146200
2020-08-19,390800,534700,146300
2020-08-20,390800,535000,146300
2020-08-21,390800,535100,146300
2020-08-22,390800,535100,146300
2020-08-23,390900,535200,146400
2020-08-24,390900,535300,146500
2020-08-25,390900,535300,146500
2020-08-26,390900,535500,146600
2020-08-27,390900,535600,146700
2020-08-28,390900,535900,146700
2020-08-29,390900,535900,146700
2020-08-30,390900,536500,147000
2020-08-31,390900,536500,147200
2020-09-01,391000,536600,147200
2020-09-02,391000,536800,147200
2020-09-03,391000,536800,147200
2020-09-04,391000,537300,147200
2020-09-05,391000,537300,147200
2020-09-06,391000,537300,147200
2020-09-07,391000,537300,147200
2020-09-08,391000,537500,147200
2020-09-09,391000,537600,147300
2020-09-10,391000,537700,147300
2020-09-11,391100,537900,147300
2020-09-12,391100,538100,147300
2020-09-13,391100,538200,147400
2020-09-14,391100,538600,147500
2020-09-15,391100,538800,147500
2020-09-16,391100,538900,147600
2020-09-17,391100,539000,147600
2020-09-18,391100,539300,147600
2020-09-19,391200,539500,147700
2020-09-20,391200,539600,147700
2020-09-21,391200,539600,147700
2020-09-22,391200,539700,147700
2020-09-23,391200,539900,147800
2020-09-24,391300,540000,147800
2020-09-25,391300,540200,147800
2020-09-26,391300,540500,147800
2020-09-27,391300,540700,147800
2020-09-28,391300,540800,147800
2020-09-29,391400,541100,147900
2020-09-30,391400,541200,147900
2020-10-01,391400,541200,147900
2020-10-02,391400,541400,147900
2020-10-03,391400,541400,147900
2020-10-04,391500,541700,148000
2020-10-05,391500,542100,148000
2020-10-06,391500,542100,148200
2020-10-07,391600,542200,148200
2020-10-08,391600,542500,148200
2020-10-09,391600,542600,148200
2020-10-10,391600,542800,148200
2020-10-11,391700,542900,148500
2020-10-12,391700,542900,148500
2020-10-13,391700,542900,148500
2020-10-14,391700,543200,148600
2020-10-15,391700,543200,148600
2020-10-16,391700,543600,148600
2020-10-17,391700,543900,148700
2020-10-18,391700,544200,148700
2020-10-19,391700,544300,148700
2020-10-20,391700,544400,148700
2020-10-21,391700,544500,148700
2020-10-22,391700,544600,148700
2020-10-23,391700,544600,148700
2020-10-24,391700,544700,148700
2020-10-25,391700,545100,148800
2020-10-26,391700,545200,148800
2020-10-27,391700,545200,148800
2020-10-28,391700,545200,148800
2020-10-29,391700,545200,148800
2020-10-30,391700,545300,148900
2020-10-31,391700,545300,148900
2020-11-01,391700,545600,148900
2020-11-02,391700,545800,148900
2020-11-03,391700,545800,149000
2020-11-04,391700,546000,149100
2020-11-05,391700,546300,149100
2020-11-06,391900,546400,149100
2020-11-07,391900,546600,149100
2020-11-08,391900,546600,149100
2020-11-09,391900,546600,149100
2020-11-10,392000,546800,149100
2020-11-11,392200,547000,149100
2020-11-12,392200,547200,149100
2020-11-13,392200,547200,149100
2020-11-14,392200,547200,149100
2020-11-15,392200,547200,149100
2020-11-16,392600,547200,149100
2020-11-17,392600,547700,149100
2020-11-18,392600,547700,149100
2020-11-19,392600,547700,149100
