Date,PS3 player count,PS4 player count,
2015-01-30,200,1200,
2015-01-31,600,3000,
2015-02-01,800,4600,
2015-02-02,1000,5900,
2015-02-03,1200,7200,
2015-02-04,1400,8100,
2015-02-05,1700,9000,
2015-02-06,1800,9900,
2015-02-07,1900,11200,
2015-02-08,2200,12300,
2015-02-09,2600,13000,
2015-02-10,2600,13400,
2015-02-11,2700,14200,
2015-02-12,2800,14500,
2015-02-13,3300,15200,
2015-02-14,3500,16000,
2015-02-15,3800,16900,
2015-02-16,3900,18200,
2015-02-17,4000,19100,
2015-02-18,4100,19800,
2015-02-19,4300,20400,
2015-02-20,4400,20700,
2015-02-21,4500,21600,
2015-02-22,4600,22500,
2015-02-23,4700,22800,
2015-02-24,4900,23100,
2015-02-25,5100,23600,
2015-02-26,5200,24000,
2015-02-27,5300,24400,
2015-02-28,5400,24800,
2015-03-01,5600,25300,
2015-03-02,5700,25900,
2015-03-03,5800,26300,
2015-03-04,5900,26500,
2015-03-05,6100,27000,
2015-03-06,6200,27400,
2015-03-07,6400,27600,
2015-03-08,6700,28200,
2015-03-09,6800,28600,
2015-03-10,6800,28900,
2015-03-11,6900,29200,
2015-03-12,6900,29400,
2015-03-13,7100,29600,
2015-03-14,7100,30000,
2015-03-15,7300,30400,
2015-03-16,7400,30500,
2015-03-17,7500,30600,
2015-03-18,7600,30900,
2015-03-19,7700,31100,
2015-03-20,7700,31300,
2015-03-21,7800,31500,
2015-03-22,7800,31800,
2015-03-23,7800,32000,
2015-03-24,8000,32200,
2015-03-25,8400,32900,
2015-03-26,8400,33100,
2015-03-27,8600,33800,
2015-03-28,9000,34400,
2015-03-29,9200,35200,
2015-03-30,9200,35500,
2015-03-31,9300,36000,
2015-04-01,9400,36300,
2015-04-02,9500,36700,
2015-04-03,9800,37000,
2015-04-04,10000,37700,
2015-04-05,10400,38300,
2015-04-06,10600,38700,
2015-04-07,10700,39000,
2015-04-08,10900,39300,
2015-04-09,11100,39700,
2015-04-10,11100,39900,
2015-04-11,11200,40300,
2015-04-12,11300,40800,
2015-04-13,11400,41300,
2015-04-14,11500,41300,
2015-04-15,11500,41800,
2015-04-16,11500,42100,
2015-04-17,11600,42300,
2015-04-18,11600,42600,
2015-04-19,11600,43000,
2015-04-20,11700,43100,
2015-04-21,11800,43400,
2015-04-22,11900,43700,
2015-04-23,12000,43900,
2015-04-24,12000,44200,
2015-04-25,12100,44400,
2015-04-26,12200,44600,
2015-04-27,12200,44700,
2015-04-28,12200,44800,
2015-04-29,12300,45000,
2015-04-30,12400,45100,
2015-05-01,12400,45200,
2015-05-02,12600,45400,
2015-05-03,12800,45800,
2015-05-04,12900,46000,
2015-05-05,12900,46400,
2015-05-06,13000,46500,
2015-05-07,13000,46800,
2015-05-08,13000,46900,
2015-05-09,13100,47500,
2015-05-10,13200,47800,
2015-05-11,13200,48100,
2015-05-12,13400,48200,
2015-05-13,13400,48500,
2015-05-14,13500,48600,
2015-05-15,13600,48800,
2015-05-16,13600,49100,
2015-05-17,13700,49100,
2015-05-18,13700,49300,
2015-05-19,13800,49700,
2015-05-20,14000,49900,
2015-05-21,14200,50200,
2015-05-22,14200,50600,
2015-05-23,14300,51100,
2015-05-24,14800,52200,
2015-05-25,15100,52500,
2015-05-26,15200,52900,
2015-05-27,15400,53300,
2015-05-28,15600,53600,
2015-05-29,15800,54000,
2015-05-30,16000,54300,
2015-05-31,16200,54500,
2015-06-01,16200,54700,
2015-06-02,16300,55000,
2015-06-03,16400,55100,
2015-06-04,16500,55500,
2015-06-05,16500,55900,
2015-06-06,17000,56500,
2015-06-07,17100,56800,
2015-06-08,17200,57200,
2015-06-09,17300,57400,
2015-06-10,17400,57500,
2015-06-11,17400,57700,
2015-06-12,17600,58000,
2015-06-13,17700,58200,
2015-06-14,17900,58500,
2015-06-15,18100,58600,
2015-06-16,18200,58900,
2015-06-17,18300,59400,
2015-06-18,18400,59500,
2015-06-19,18500,59700,
2015-06-20,18600,60200,
2015-06-21,18700,60400,
2015-06-22,18700,60500,
2015-06-23,18700,60700,
2015-06-24,18800,61200,
2015-06-25,18900,61500,
2015-06-26,19000,61600,
2015-06-27,19000,61900,
2015-06-28,19100,62200,
2015-06-29,19100,62800,
2015-06-30,19100,63000,
2015-07-01,19200,63300,
2015-07-02,19300,63500,
2015-07-03,19300,63700,
2015-07-04,19300,64100,
2015-07-05,19500,64600,
2015-07-06,19600,64700,
2015-07-07,19600,64900,
2015-07-08,19600,65400,
2015-07-09,19700,65600,
2015-07-10,19700,65900,
2015-07-11,19900,66400,
2015-07-12,20100,66600,
2015-07-13,20100,67300,
2015-07-14,20200,67600,
2015-07-15,20200,68200,
2015-07-16,20500,68600,
2015-07-17,20700,68900,
2015-07-18,20900,69200,
2015-07-19,21000,69400,
2015-07-20,21000,69800,
2015-07-21,21200,70000,
2015-07-22,21200,70400,
2015-07-23,21300,70600,
2015-07-24,21400,70800,
2015-07-25,21400,71200,
2015-07-26,21600,71300,
2015-07-27,21700,71700,
2015-07-28,22300,72300,
2015-07-29,22500,72800,
2015-07-30,22700,73700,
2015-07-31,23300,74300,
2015-08-01,23500,75200,
2015-08-02,23800,75900,
2015-08-03,24100,76600,
2015-08-04,24500,77200,
2015-08-05,24700,77800,
2015-08-06,25000,78300,
2015-08-07,25200,79500,
2015-08-08,25400,80200,
2015-08-09,25600,81100,
2015-08-10,25900,81800,
2015-08-11,26000,82300,
2015-08-12,26300,82700,
2015-08-13,26300,83400,
2015-08-14,26500,83800,
2015-08-15,26600,84500,
2015-08-16,26700,85300,
2015-08-17,27000,85600,
2015-08-18,27100,85900,
2015-08-19,27200,86500,
2015-08-20,27400,86800,
2015-08-21,27500,87100,
2015-08-22,27800,87400,
2015-08-23,27900,88100,
2015-08-24,28200,88300,
2015-08-25,28400,88700,
2015-08-26,28400,89300,
2015-08-27,28400,89600,
2015-08-28,28400,90100,
2015-08-29,28800,90600,
2015-08-30,28900,90900,
2015-08-31,29000,91400,
2015-09-01,29100,91900,
2015-09-02,29100,92200,
2015-09-03,29300,92400,
2015-09-04,29300,92900,
2015-09-05,29400,93000,
2015-09-06,29600,93300,
2015-09-07,29900,93900,
2015-09-08,30100,94400,
2015-09-09,30100,94500,
2015-09-10,30300,94600,
2015-09-11,30400,95100,
2015-09-12,30500,95300,
2015-09-13,30700,95700,
2015-09-14,30800,95900,
2015-09-15,30900,96100,
2015-09-16,31000,96200,
2015-09-17,31000,96500,
2015-09-18,31300,96800,
2015-09-19,31400,97000,
2015-09-20,31500,97300,
2015-09-21,31600,97400,
2015-09-22,31700,97600,
2015-09-23,31800,97900,
2015-09-24,31900,98100,
2015-09-25,31900,98400,
2015-09-26,32100,98600,
2015-09-27,32200,99100,
2015-09-28,32200,99500,
2015-09-29,32300,99900,
2015-09-30,32300,100100,
2015-10-01,32400,100400,
2015-10-02,32400,100600,
2015-10-03,32500,101000,
2015-10-04,32800,101700,
2015-10-05,32800,101900,
2015-10-06,33000,102100,
2015-10-07,33100,102300,
2015-10-08,33200,102500,
2015-10-09,33200,102700,
2015-10-10,33400,102800,
2015-10-11,33500,103000,
2015-10-12,33500,103300,
2015-10-13,33500,103500,
2015-10-14,33600,103800,
2015-10-15,33600,104000,
2015-10-16,33700,104300,
2015-10-17,33900,104400,
2015-10-18,34100,104900,
2015-10-19,34300,105400,
2015-10-20,36100,108500,
2015-10-21,37800,115500,
2015-10-22,39400,119900,
2015-10-23,40400,123600,
2015-10-24,41100,127000,
2015-10-25,42000,129700,
2015-10-26,42600,131700,
2015-10-27,43100,133600,
2015-10-28,43700,135100,
2015-10-29,44200,136600,
2015-10-30,44400,137700,
2015-10-31,45000,139500,
2015-11-01,45400,140700,
2015-11-02,45600,141800,
2015-11-03,45900,143200,
2015-11-04,46100,144200,
2015-11-05,46500,144600,
2015-11-06,46800,145600,
2015-11-07,47000,147000,
2015-11-08,47500,148400,
2015-11-09,47900,149000,
2015-11-10,48200,150200,
2015-11-11,48500,151700,
2015-11-12,48600,152800,
2015-11-13,48900,153700,
2015-11-14,49400,154400,
2015-11-15,49600,155700,
2015-11-16,49900,156500,
2015-11-17,49900,157200,
2015-11-18,50200,157700,
2015-11-19,50500,158200,
2015-11-20,50700,158600,
2015-11-21,50900,159200,
2015-11-22,51300,160000,
2015-11-23,51600,160400,
2015-11-24,51700,161100,
2015-11-25,51900,161900,
2015-11-26,52200,162500,
2015-11-27,52300,163100,
2015-11-28,52600,163900,
2015-11-29,52900,165000,
2015-11-30,53100,165300,
2015-12-01,53300,165900,
2015-12-02,53500,166400,
2015-12-03,53600,166800,
2015-12-04,53900,167700,
2015-12-05,54200,168700,
2015-12-06,54300,169800,
2015-12-07,54500,170600,
2015-12-08,54600,171400,
2015-12-09,54800,171700,
2015-12-10,54900,172200,
2015-12-11,55100,172900,
2015-12-12,55200,173700,
2015-12-13,55300,174600,
2015-12-14,55400,175000,
2015-12-15,55600,175700,
2015-12-16,55800,176200,
2015-12-17,55900,176600,
2015-12-18,56000,177300,
2015-12-19,56500,177800,
2015-12-20,56600,178500,
2015-12-21,56700,179500,
2015-12-22,56800,180000,
2015-12-23,56800,180800,
2015-12-24,57000,181200,
2015-12-25,57200,181800,
2015-12-26,57300,182700,
2015-12-27,57700,183400,
2015-12-28,58000,184100,
2015-12-29,58200,184800,
2015-12-30,58500,185600,
2015-12-31,58600,186400,
2016-01-01,58800,187000,
2016-01-02,58800,187900,
2016-01-03,59000,188700,
2016-01-04,59300,189300,
2016-01-05,59400,190100,
2016-01-06,59500,190600,
2016-01-07,59800,191100,
2016-01-08,60000,191900,
2016-01-09,60200,192800,
2016-01-10,60500,193300,
2016-01-11,60700,194000,
2016-01-12,60800,194600,
2016-01-13,61000,194900,
2016-01-14,61200,195500,
2016-01-15,61400,196100,
2016-01-16,61500,196500,
2016-01-17,61700,197300,
2016-01-18,61800,198200,
2016-01-19,61900,198900,
2016-01-20,62100,199700,
2016-01-21,62200,200800,
2016-01-22,62300,202400,
2016-01-23,62400,204200,
2016-01-24,62600,205900,
2016-01-25,62900,207800,
2016-01-26,63100,209600,
2016-01-27,63100,211400,
2016-01-28,63500,213600,
2016-01-29,63700,215100,
2016-01-30,63900,217400,
2016-01-31,64100,219700,
2016-02-01,64200,221300,
2016-02-02,64500,222500,
2016-02-03,64600,223800,
2016-02-04,64700,224900,
2016-02-05,64800,226500,
2016-02-06,65100,228400,
2016-02-07,65400,230500,
2016-02-08,65500,231800,
2016-02-09,65600,232700,
2016-02-10,65700,234200,
2016-02-11,65800,235800,
2016-02-12,65900,237100,
2016-02-13,66100,239000,
2016-02-14,66300,240900,
2016-02-15,66500,242100,
2016-02-16,66700,243500,
2016-02-17,66800,245100,
2016-02-18,66800,247100,
2016-02-19,67100,248400,
2016-02-20,67400,249900,
2016-02-21,67500,252400,
2016-02-22,67700,253600,
2016-02-23,67800,254700,
2016-02-24,67800,256200,
2016-02-25,67900,257600,
2016-02-26,68000,259500,
2016-02-27,68300,261900,
2016-02-28,68400,264600,
2016-02-29,68600,266600,
2016-03-01,68700,268200,
2016-03-02,68700,269900,
2016-03-03,68900,272300,
2016-03-04,69100,274400,
2016-03-05,69300,277600,
2016-03-06,69600,280400,
2016-03-07,69900,281800,
2016-03-08,69900,283200,
2016-03-09,70000,285000,
2016-03-10,70200,286500,
2016-03-11,70300,288700,
2016-03-12,70700,290200,
2016-03-13,70900,293000,
2016-03-14,71100,295200,
2016-03-15,71100,296700,
2016-03-16,71300,298400,
2016-03-17,71400,299600,
2016-03-18,71600,301100,
2016-03-19,71800,302700,
2016-03-20,72100,304600,
2016-03-21,72100,306000,
2016-03-22,72300,307100,
2016-03-23,72400,308500,
2016-03-24,72400,309400,
2016-03-25,72700,310600,
2016-03-26,72800,312400,
2016-03-27,72900,314100,
2016-03-28,73000,315700,
2016-03-29,73100,317200,
2016-03-30,73300,318300,
2016-03-31,73400,319600,
2016-04-01,73600,320900,
2016-04-02,73800,322900,
2016-04-03,74000,324700,
2016-04-04,74300,325800,
2016-04-05,74400,326700,
2016-04-06,74500,327800,
2016-04-07,74700,329100,
2016-04-08,74800,330300,
2016-04-09,75000,331900,
2016-04-10,75200,333400,
2016-04-11,75300,334200,
2016-04-12,75300,335100,
2016-04-13,75400,336400,
2016-04-14,75500,337300,
2016-04-15,75600,338600,
2016-04-16,75700,339900,
2016-04-17,76000,341100,
2016-04-18,76100,342200,
2016-04-19,76100,342700,
2016-04-20,76300,343500,
2016-04-21,76300,345000,
2016-04-22,76400,346200,
2016-04-23,76800,348500,
2016-04-24,77000,350100,
2016-04-25,77100,351900,
2016-04-26,77200,353300,
2016-04-27,77200,354700,
2016-04-28,77300,355700,
2016-04-29,77400,357600,
2016-04-30,77700,359500,
2016-05-01,77900,361800,
2016-05-02,78200,363400,
2016-05-03,78300,365100,
2016-05-04,78600,366700,
2016-05-05,78700,368600,
2016-05-06,78800,369400,
2016-05-07,78900,371500,
2016-05-08,79000,373400,
2016-05-09,79000,374800,
2016-05-10,79300,376500,
2016-05-11,79600,377800,
2016-05-12,79800,379100,
2016-05-13,80000,380100,
2016-05-14,80000,381700,
2016-05-15,80200,383700,
2016-05-16,80300,384900,
2016-05-17,80500,386000,
2016-05-18,80600,386700,
2016-05-19,80800,387400,
2016-05-20,81000,388100,
2016-05-21,81100,389300,
2016-05-22,81300,390600,
2016-05-23,81500,391500,
2016-05-24,81500,392600,
2016-05-25,81700,393200,
2016-05-26,81800,394600,
2016-05-27,81800,396200,
2016-05-28,82100,397500,
2016-05-29,82500,398800,
2016-05-30,82700,400700,
2016-05-31,82700,402500,
2016-06-01,82800,403100,
2016-06-02,82900,404300,
2016-06-03,82900,405500,
2016-06-04,83100,406600,
2016-06-05,83400,408200,
2016-06-06,83600,409400,
2016-06-07,83700,410700,
2016-06-08,83700,411400,
2016-06-09,83900,412200,
2016-06-10,84000,413400,
2016-06-11,84100,415000,
2016-06-12,84200,416600,
2016-06-13,84300,417300,
2016-06-14,84300,418500,
2016-06-15,84500,420000,
2016-06-16,84800,421300,
2016-06-17,84900,422900,
2016-06-18,85100,424000,
2016-06-19,85300,425300,
2016-06-20,85400,426000,
2016-06-21,85500,426900,
2016-06-22,85700,428000,
2016-06-23,85800,429100,
2016-06-24,85900,430100,
2016-06-25,86000,431000,
2016-06-26,86100,432600,
2016-06-27,86300,433600,
2016-06-28,86400,435000,
2016-06-29,86500,435700,
2016-06-30,86600,436600,
2016-07-01,86700,438100,
2016-07-02,86800,439400,
2016-07-03,86900,440100,
2016-07-04,87000,441100,
2016-07-05,87100,442300,
2016-07-06,87100,443400,
2016-07-07,87200,444100,
2016-07-08,87300,445200,
2016-07-09,87500,446100,
2016-07-10,87800,447400,
2016-07-11,87800,448600,
2016-07-12,88100,449200,
2016-07-13,88200,450100,
2016-07-14,88400,451000,
2016-07-15,88600,451600,
2016-07-16,88700,453000,
2016-07-17,88800,454100,
2016-07-18,89000,455600,
2016-07-19,89000,456200,
2016-07-20,89200,457100,
2016-07-21,90500,458300,
2016-07-22,91400,461200,
2016-07-23,92400,464500,
2016-07-24,93100,468700,
2016-07-25,93800,471200,
2016-07-26,94300,473500,
2016-07-27,95000,476700,
2016-07-28,95700,480100,
2016-07-29,96100,482900,
2016-07-30,96700,485800,
2016-07-31,97500,489500,
2016-08-01,98100,492700,
2016-08-02,98600,495600,
2016-08-03,99300,497900,
2016-08-04,99800,500100,
2016-08-05,100400,502200,
2016-08-06,100700,504800,
2016-08-07,101400,507100,
2016-08-08,101800,509800,
2016-08-09,102600,511700,
2016-08-10,102900,514300,
2016-08-11,103300,517600,
2016-08-12,103500,520900,
2016-08-13,103800,524600,
2016-08-14,104400,528400,
2016-08-15,104700,532200,
2016-08-16,105100,536300,
2016-08-17,105400,539900,
2016-08-18,105600,543200,
2016-08-19,105900,545200,
2016-08-20,106400,548200,
2016-08-21,107100,551600,
2016-08-22,107700,554300,
2016-08-23,108000,556700,
2016-08-24,108500,559100,
2016-08-25,109100,560700,
2016-08-26,109500,562500,
2016-08-27,109900,564600,
2016-08-28,110600,567600,
2016-08-29,110800,569800,
2016-08-30,111300,571900,
2016-08-31,111700,574600,
2016-09-01,112000,577000,
2016-09-02,112200,579300,
2016-09-03,112500,582900,
2016-09-04,112800,587600,
2016-09-05,113300,591500,
2016-09-06,113700,594700,
2016-09-07,114200,598700,
2016-09-08,114400,602700,
2016-09-09,114700,606300,
2016-09-10,115300,611500,
2016-09-11,115700,616300,
2016-09-12,115800,619600,
2016-09-13,116100,624600,
2016-09-14,116500,629900,
2016-09-15,116500,634500,
2016-09-16,116800,639400,
2016-09-17,117300,645500,
2016-09-18,117800,652200,
2016-09-19,118200,656200,
2016-09-20,118600,660100,
2016-09-21,118900,664500,
2016-09-22,119100,667800,
2016-09-23,119400,671400,
2016-09-24,119800,676100,
2016-09-25,120500,681100,
2016-09-26,120800,684500,
2016-09-27,121100,687500,
2016-09-28,121500,690600,
2016-09-29,121700,693300,
2016-09-30,122200,696300,
2016-10-01,122700,701000,
2016-10-02,123200,705300,
2016-10-03,123500,708800,
2016-10-04,123900,711300,
2016-10-05,124400,714200,
2016-10-06,124600,715900,
2016-10-07,124800,718900,
2016-10-08,125100,722900,
2016-10-09,125500,726700,
2016-10-10,125600,729700,
2016-10-11,125900,732100,
2016-10-12,126000,735000,
2016-10-13,126400,737200,
2016-10-14,126700,739300,
2016-10-15,127300,742700,
2016-10-16,127600,746200,
2016-10-17,128000,749200,
2016-10-18,128300,751300,
2016-10-19,128900,753500,
2016-10-20,129100,756100,
2016-10-21,129300,758400,
2016-10-22,129500,762100,
2016-10-23,129800,766200,
2016-10-24,130300,768700,
2016-10-25,130700,770800,
2016-10-26,130900,773300,
2016-10-27,131100,775400,
2016-10-28,131400,778000,
2016-10-29,131700,782100,
2016-10-30,132200,785600,
2016-10-31,132500,787900,
2016-11-01,132600,789400,
2016-11-02,132800,791600,
2016-11-03,132900,793800,
2016-11-04,133200,795500,
2016-11-05,133500,797800,
2016-11-06,134000,800600,
2016-11-07,134200,802500,
2016-11-08,134500,804200,
2016-11-09,134700,805900,
2016-11-10,135100,808000,
2016-11-11,135300,810300,
2016-11-12,135600,812800,
2016-11-13,136000,815400,
2016-11-14,136200,816900,
2016-11-15,136400,818500,
2016-11-16,136900,820000,
2016-11-17,137100,821700,
2016-11-18,137400,824000,
2016-11-19,137800,827000,
2016-11-20,138400,829900,
2016-11-21,138900,831900,
2016-11-22,139200,833900,
2016-11-23,139500,836000,
2016-11-24,139900,837900,
2016-11-25,140400,840800,
2016-11-26,140900,843200,
2016-11-27,141400,846200,
2016-11-28,141600,848500,
2016-11-29,141800,851400,
2016-11-30,142200,853600,
2016-12-01,142500,855500,
2016-12-02,142700,857500,
2016-12-03,143100,860800,
2016-12-04,143800,862800,
2016-12-05,144100,864800,
2016-12-06,144500,866900,
2016-12-07,144700,868800,
2016-12-08,145000,870100,
2016-12-09,145200,871900,
2016-12-10,145600,874300,
2016-12-11,145900,876900,
2016-12-12,146100,879000,
2016-12-13,146300,880900,
2016-12-14,146500,882500,
2016-12-15,146600,884100,
2016-12-16,146900,886100,
2016-12-17,147000,888700,
2016-12-18,147500,891800,
2016-12-19,147700,894400,
2016-12-20,147900,896300,
2016-12-21,148300,898900,
2016-12-22,148500,901100,
2016-12-23,149000,903700,
2016-12-24,149400,906200,
2016-12-25,149900,909400,
2016-12-26,150300,912600,
2016-12-27,150700,915800,
2016-12-28,151200,919100,
2016-12-29,151700,921500,
2016-12-30,152100,924100,
2016-12-31,152200,927100,
2017-01-01,152400,929300,
2017-01-02,152900,932600,
2017-01-03,153100,935800,
2017-01-04,153600,938200,
2017-01-05,153900,940900,
2017-01-06,154100,943300,
2017-01-07,154500,945800,
2017-01-08,154700,949100,
2017-01-09,155100,951400,
2017-01-10,155500,953100,
2017-01-11,155800,955100,
2017-01-12,156100,956500,
2017-01-13,156500,958700,
2017-01-14,156700,960900,
2017-01-15,156900,963400,
2017-01-16,157300,965300,
2017-01-17,157500,967300,
2017-01-18,157800,968400,
2017-01-19,158100,970400,
2017-01-20,158400,972600,
2017-01-21,158900,975400,
2017-01-22,159100,977900,
2017-01-23,159300,979200,
2017-01-24,159600,981000,
2017-01-25,159700,983000,
2017-01-26,159900,984900,
2017-01-27,160300,987300,
2017-01-28,160600,989800,
2017-01-29,161100,992600,
2017-01-30,161300,994100,
2017-01-31,161600,996700,
2017-02-01,161900,998600,
2017-02-02,162000,1000600,
2017-02-03,162300,1002800,
2017-02-04,162700,1005400,
2017-02-05,163200,1007900,
2017-02-06,163600,1010300,
2017-02-07,163800,1012400,
2017-02-08,164200,1014300,
2017-02-09,164500,1016400,
2017-02-10,164600,1018000,
2017-02-11,165100,1021100,
2017-02-12,165300,1023500,
2017-02-13,165700,1025400,
2017-02-14,165700,1027000,
2017-02-15,166000,1028800,
2017-02-16,166200,1030900,
2017-02-17,166600,1032200,
2017-02-18,166900,1035000,
2017-02-19,167200,1037900,
2017-02-20,167500,1039800,
2017-02-21,167600,1041600,
2017-02-22,167900,1043400,
2017-02-23,168100,1045200,
2017-02-24,168400,1047300,
2017-02-25,168700,1050700,
2017-02-26,169200,1053200,
2017-02-27,169600,1055200,
2017-02-28,170000,1057300,
2017-03-01,170300,1058900,
2017-03-02,170600,1060800,
2017-03-03,170700,1062500,
2017-03-04,171200,1065500,
2017-03-05,171600,1067700,
2017-03-06,171800,1069300,
2017-03-07,172200,1070500,
2017-03-08,172500,1072400,
2017-03-09,172600,1074500,
2017-03-10,172900,1076000,
2017-03-11,173200,1078700,
2017-03-12,173500,1081000,
2017-03-13,173900,1083300,
2017-03-14,174000,1084700,
2017-03-15,174200,1086400,
2017-03-16,174300,1087500,
2017-03-17,174500,1088900,
2017-03-18,174800,1091500,
2017-03-19,175000,1094100,
2017-03-20,175200,1096100,
2017-03-21,175400,1097400,
2017-03-22,175500,1098800,
2017-03-23,175900,1100800,
2017-03-24,176000,1101800,
2017-03-25,176200,1104600,
2017-03-26,176300,1106100,
2017-03-27,176700,1108100,
2017-03-28,176900,1110100,
2017-03-29,177000,1111600,
2017-03-30,177300,1113000,
2017-03-31,177500,1114800,
2017-04-01,177700,1116400,
2017-04-02,178000,1118400,
2017-04-03,178100,1119800,
2017-04-04,178200,1121100,
2017-04-05,178500,1122900,
2017-04-06,178600,1125400,
2017-04-07,178700,1128100,
2017-04-08,178900,1131900,
2017-04-09,179200,1135800,
2017-04-10,179600,1138900,
2017-04-11,179700,1141000,
2017-04-12,180000,1143500,
2017-04-13,180200,1145500,
2017-04-14,180400,1148700,
2017-04-15,180500,1152000,
2017-04-16,181100,1155400,
2017-04-17,181600,1158100,
2017-04-18,181700,1160000,
2017-04-19,182100,1162600,
2017-04-20,182200,1164600,
2017-04-21,182300,1167100,
2017-04-22,182500,1169400,
2017-04-23,182900,1172500,
2017-04-24,183100,1174300,
2017-04-25,183200,1176900,
2017-04-26,183300,1179000,
2017-04-27,183400,1180500,
2017-04-28,183400,1182600,
2017-04-29,183700,1185600,
2017-04-30,183900,1188600,
2017-05-01,184300,1190300,
2017-05-02,184400,1191900,
2017-05-03,184400,1193500,
2017-05-04,184600,1195600,
2017-05-05,184600,1197300,
2017-05-06,184900,1199400,
2017-05-07,185200,1201900,
2017-05-08,185700,1203900,
2017-05-09,185900,1206100,
2017-05-10,186200,1208000,
2017-05-11,186300,1209300,
2017-05-12,186700,1211800,
2017-05-13,186800,1214100,
2017-05-14,187200,1217000,
2017-05-15,187400,1218000,
2017-05-16,187800,1219800,
2017-05-17,187900,1221200,
2017-05-18,188100,1223100,
2017-05-19,188300,1225300,
2017-05-20,188500,1228000,
2017-05-21,188900,1230200,
2017-05-22,188900,1231800,
2017-05-23,189200,1232900,
2017-05-24,189400,1234100,
2017-05-25,189500,1235700,
2017-05-26,189700,1237500,
2017-05-27,190000,1240000,
2017-05-28,190400,1242100,
2017-05-29,190600,1244200,
2017-05-30,190700,1246400,
2017-05-31,190800,1247900,
2017-06-01,191000,1249500,
2017-06-02,191300,1251700,
2017-06-03,191700,1254200,
2017-06-04,191900,1256600,
2017-06-05,192200,1259200,
2017-06-06,192400,1268500,
2017-06-07,192700,1293300,
2017-06-08,192800,1320600,
2017-06-09,193000,1349000,
2017-06-10,193300,1384300,
2017-06-11,193700,1420000,
2017-06-12,193900,1450100,
2017-06-13,194300,1477900,
2017-06-14,194600,1504900,
2017-06-15,194800,1534500,
2017-06-16,195100,1564000,
2017-06-17,195400,1598400,
2017-06-18,195800,1629600,
2017-06-19,196200,1655800,
2017-06-20,196500,1683800,
2017-06-21,196800,1714300,
2017-06-22,197000,1746700,
2017-06-23,197200,1777600,
2017-06-24,197500,1810500,
2017-06-25,197900,1846400,
2017-06-26,198200,1880200,
2017-06-27,198500,1913100,
2017-06-28,198700,1944300,
2017-06-29,199100,1974400,
2017-06-30,199300,2006100,
2017-07-01,199600,2040300,
2017-07-02,200000,2076600,
2017-07-03,200400,2107000,
2017-07-04,200700,2138600,
2017-07-05,200900,2166700,
2017-07-06,201200,2192000,
2017-07-07,201600,2215800,
2017-07-08,202000,2238700,
2017-07-09,202400,2260800,
2017-07-10,202600,2279800,
2017-07-11,202900,2297900,
2017-07-12,203300,2314900,
2017-07-13,203400,2331100,
2017-07-14,203600,2345300,
2017-07-15,203800,2361400,
2017-07-16,204000,2376200,
2017-07-17,204300,2388100,
2017-07-18,204700,2400600,
2017-07-19,205100,2411500,
2017-07-20,205300,2422300,
2017-07-21,205500,2432300,
2017-07-22,205800,2442800,
2017-07-23,206000,2455200,
2017-07-24,206200,2464100,
2017-07-25,206600,2474200,
2017-07-26,206900,2482400,
2017-07-27,207300,2491200,
2017-07-28,207500,2501100,
2017-07-29,207900,2510100,
2017-07-30,208500,2519200,
2017-07-31,208700,2526600,
2017-08-01,208900,2534700,
2017-08-02,209000,2543000,
2017-08-03,209100,2553000,
2017-08-04,209500,2563000,
2017-08-05,209900,2575800,
2017-08-06,210100,2588200,
2017-08-07,210600,2597800,
2017-08-08,210700,2606900,
2017-08-09,210900,2615900,
2017-08-10,210900,2625600,
2017-08-11,211400,2636400,
2017-08-12,211600,2646400,
2017-08-13,211900,2657600,
2017-08-14,212100,2666100,
2017-08-15,212300,2675700,
2017-08-16,212400,2684600,
2017-08-17,212900,2692400,
2017-08-18,213100,2699400,
2017-08-19,213600,2708300,
2017-08-20,214200,2718400,
2017-08-21,214300,2725600,
2017-08-22,214600,2731400,
2017-08-23,214700,2738600,
2017-08-24,215200,2745200,
2017-08-25,215500,2751700,
2017-08-26,215900,2759700,
2017-08-27,216200,2768500,
2017-08-28,216800,2775600,
2017-08-29,217200,2782400,
2017-08-30,217600,2788100,
2017-08-31,217900,2794100,
2017-09-01,218400,2799400,
2017-09-02,218600,2808900,
2017-09-03,219000,2818400,
2017-09-04,219400,2826700,
2017-09-05,219700,2833500,
2017-09-06,220000,2841300,
2017-09-07,220200,2848400,
2017-09-08,220500,2854700,
2017-09-09,221200,2863000,
2017-09-10,221700,2871600,
2017-09-11,222100,2877000,
2017-09-12,222300,2882700,
2017-09-13,222500,2887300,
2017-09-14,222900,2892200,
2017-09-15,223400,2898300,
2017-09-16,224000,2905200,
2017-09-17,224700,2912600,
2017-09-18,224900,2917600,
2017-09-19,225300,2921900,
2017-09-20,225400,2925600,
2017-09-21,225800,2929200,
2017-09-22,226100,2934300,
2017-09-23,226500,2940100,
2017-09-24,226900,2945400,
2017-09-25,227000,2949500,
2017-09-26,227200,2953300,
2017-09-27,227300,2956800,
2017-09-28,227500,2960600,
2017-09-29,227900,2965600,
2017-09-30,228200,2971000,
2017-10-01,228400,2977000,
2017-10-02,228800,2980900,
2017-10-03,229000,2984200,
2017-10-04,229100,2987800,
2017-10-05,229400,2991400,
2017-10-06,229600,2994600,
2017-10-07,229900,2998700,
2017-10-08,230100,3003300,
2017-10-09,230200,3006400,
2017-10-10,230400,3009300,
2017-10-11,230600,3012200,
2017-10-12,230700,3015500,
2017-10-13,231000,3018600,
2017-10-14,231200,3022700,
2017-10-15,231400,3027300,
2017-10-16,231600,3030300,
2017-10-17,231800,3033300,
2017-10-18,231800,3036300,
2017-10-19,232000,3039200,
2017-10-20,232100,3042400,
2017-10-21,232300,3047200,
2017-10-22,232600,3051000,
2017-10-23,232800,3054400,
2017-10-24,232900,3056900,
2017-10-25,233100,3059200,
2017-10-26,233200,3062200,
2017-10-27,233500,3064900,
2017-10-28,233700,3069700,
2017-10-29,234000,3073400,
2017-10-30,234300,3076800,
2017-10-31,234400,3079200,
2017-11-01,234600,3081900,
2017-11-02,234700,3085400,
2017-11-03,235000,3089600,
2017-11-04,235300,3094000,
2017-11-05,235600,3099200,
2017-11-06,235800,3102200,
2017-11-07,236100,3104800,
2017-11-08,236300,3107900,
2017-11-09,236600,3110100,
2017-11-10,236900,3113100,
2017-11-11,237200,3117500,
2017-11-12,237500,3122600,
2017-11-13,237900,3125300,
2017-11-14,238000,3127300,
2017-11-15,238100,3130100,
2017-11-16,238300,3132300,
2017-11-17,238600,3135100,
2017-11-18,238800,3138500,
2017-11-19,239200,3142600,
2017-11-20,239300,3145100,
2017-11-21,239500,3148100,
2017-11-22,239700,3150300,
2017-11-23,239900,3152400,
2017-11-24,240200,3156100,
2017-11-25,240500,3160500,
2017-11-26,240900,3164400,
2017-11-27,241000,3167100,
2017-11-28,241100,3169500,
2017-11-29,241200,3172200,
2017-11-30,241600,3174000,
2017-12-01,242000,3177200,
2017-12-02,242200,3180400,
2017-12-03,242600,3184300,
2017-12-04,242900,3186600,
2017-12-05,243300,3189000,
2017-12-06,243400,3191300,
2017-12-07,243700,3193900,
2017-12-08,243800,3196400,
2017-12-09,244100,3200500,
2017-12-10,244300,3203800,
2017-12-11,244600,3205800,
2017-12-12,244800,3207900,
2017-12-13,244900,3210600,
2017-12-14,245300,3212900,
2017-12-15,245400,3215200,
2017-12-16,245600,3217900,
2017-12-17,245800,3221500,
2017-12-18,246200,3224200,
2017-12-19,246300,3226700,
2017-12-20,246600,3229600,
2017-12-21,246800,3233000,
2017-12-22,247300,3236200,
2017-12-23,247600,3240600,
2017-12-24,248200,3244500,
2017-12-25,249000,3248900,
2017-12-26,249600,3253800,
2017-12-27,250200,3259600,
2017-12-28,250700,3265300,
2017-12-29,251400,3271000,
2017-12-30,251700,3276200,
2017-12-31,252200,3281600,
2018-01-01,252700,3286900,
2018-01-02,253200,3292300,
2018-01-03,253500,3296100,
2018-01-04,253800,3300500,
2018-01-05,254300,3304800,
2018-01-06,254700,3309100,
2018-01-07,255100,3313100,
2018-01-08,255200,3316400,
2018-01-09,255800,3320200,
2018-01-10,255900,3323000,
2018-01-11,256300,3324800,
2018-01-12,256600,3328300,
2018-01-13,257000,3332700,
2018-01-14,257400,3336700,
2018-01-15,257700,3339800,
2018-01-16,258200,3342200,
2018-01-17,258400,3345100,
2018-01-18,258600,3348100,
2018-01-19,258900,3351000,
2018-01-20,259300,3355200,
2018-01-21,259700,3359400,
2018-01-22,260000,3362000,
2018-01-23,260600,3364900,
2018-01-24,260700,3367500,
2018-01-25,260900,3370100,
2018-01-26,261300,3373100,
2018-01-27,261800,3376500,
2018-01-28,262100,3381900,
2018-01-29,262300,3384900,
2018-01-30,262700,3387200,
2018-01-31,263000,3389600,
2018-02-01,263200,3391600,
2018-02-02,263500,3394100,
2018-02-03,263700,3397400,
2018-02-04,264100,3401100,
2018-02-05,264200,3403500,
2018-02-06,264400,3405500,
2018-02-07,264600,3407700,
2018-02-08,264800,3409800,
2018-02-09,265100,3412100,
2018-02-10,265700,3414900,
2018-02-11,266000,3417900,
2018-02-12,266300,3420300,
2018-02-13,266500,3422400,
2018-02-14,266800,3424900,
2018-02-15,267000,3426700,
2018-02-16,267200,3429400,
2018-02-17,267500,3432600,
2018-02-18,267600,3435900,
2018-02-19,267900,3438700,
2018-02-20,268100,3440800,
2018-02-21,268300,3443200,
2018-02-22,268600,3445300,
2018-02-23,268700,3447000,
2018-02-24,269300,3450200,
2018-02-25,269600,3453400,
2018-02-26,270000,3455300,
2018-02-27,270200,3457600,
2018-02-28,270400,3460100,
2018-03-01,270700,3462700,
2018-03-02,271100,3465100,
2018-03-03,271400,3468400,
2018-03-04,271700,3471900,
2018-03-05,271900,3474800,
2018-03-06,272100,3477100,
2018-03-07,272500,3479500,
2018-03-08,272700,3482100,
2018-03-09,273000,3485100,
2018-03-10,273400,3489800,
2018-03-11,273800,3493300,
2018-03-12,274100,3496300,
2018-03-13,274300,3499300,
2018-03-14,274600,3501800,
2018-03-15,275000,3504500,
2018-03-16,275500,3507500,
2018-03-17,275800,3511200,
2018-03-18,276100,3515600,
2018-03-19,276200,3517600,
2018-03-20,276400,3520300,
2018-03-21,276700,3522600,
2018-03-22,276800,3524800,
2018-03-23,277100,3527500,
2018-03-24,277600,3530400,
2018-03-25,277900,3534400,
2018-03-26,278000,3536800,
2018-03-27,278200,3539500,
2018-03-28,278500,3541900,
2018-03-29,278900,3545000,
2018-03-30,279100,3548300,
2018-03-31,279400,3551700,
2018-04-01,279600,3555900,
2018-04-02,280000,3559300,
2018-04-03,280200,3561700,
2018-04-04,280400,3564100,
2018-04-05,280500,3565900,
2018-04-06,280800,3568300,
2018-04-07,281100,3571200,
2018-04-08,281500,3574500,
2018-04-09,281800,3576400,
2018-04-10,281900,3578700,
2018-04-11,282200,3580300,
2018-04-12,282500,3582900,
2018-04-13,282800,3585300,
2018-04-14,283400,3588200,
2018-04-15,283700,3592200,
2018-04-16,283900,3594500,
2018-04-17,284100,3596300,
2018-04-18,284200,3598100,
2018-04-19,284300,3600200,
2018-04-20,284500,3602400,
2018-04-21,284700,3605400,
2018-04-22,284900,3608900,
2018-04-23,285200,3610700,
2018-04-24,285600,3612800,
2018-04-25,285800,3615200,
2018-04-26,285900,3616800,
2018-04-27,286200,3619400,
2018-04-28,286300,3621600,
2018-04-29,286600,3625300,
2018-04-30,287000,3627600,
2018-05-01,287100,3629300,
2018-05-02,287200,3630600,
2018-05-03,287400,3631700,
2018-05-04,287600,3633300,
2018-05-05,287700,3634700,
2018-05-06,287900,3636600,
2018-05-07,288000,3637800,
2018-05-08,288200,3639400,
2018-05-09,288400,3640900,
2018-05-10,288500,3642600,
2018-05-11,288700,3643800,
2018-05-12,288800,3645800,
2018-05-13,289200,3647400,
2018-05-14,289300,3648800,
2018-05-15,289400,3649600,
2018-05-16,289800,3650800,
2018-05-17,290000,3651900,
2018-05-18,290000,3653000,
2018-05-19,290300,3654800,
2018-05-20,290700,3657000,
2018-05-21,291100,3658400,
2018-05-22,291500,3659500,
2018-05-23,291700,3660600,
2018-05-24,291800,3661800,
2018-05-25,292100,3663100,
2018-05-26,292500,3665300,
2018-05-27,292700,3666900,
2018-05-28,292900,3668500,
2018-05-29,292900,3669700,
2018-05-30,293100,3670900,
2018-05-31,293100,3672900,
2018-06-01,293400,3674000,
2018-06-02,293500,3676000,
2018-06-03,293800,3678000,
2018-06-04,294000,3679900,
2018-06-05,294200,3681200,
2018-06-06,294300,3682700,
2018-06-07,294600,3684400,
2018-06-08,294900,3686400,
2018-06-09,295100,3689200,
2018-06-10,295200,3691700,
2018-06-11,295300,3693800,
2018-06-12,295600,3695400,
2018-06-13,295700,3697000,
2018-06-14,295800,3698700,
2018-06-15,296100,3700300,
2018-06-16,296400,3702700,
2018-06-17,296500,3704900,
2018-06-18,296800,3706900,
2018-06-19,297100,3708500,
2018-06-20,297400,3709600,
2018-06-21,297600,3711100,
2018-06-22,297800,3712800,
2018-06-23,297900,3715000,
2018-06-24,298100,3717000,
2018-06-25,298300,3718600,
2018-06-26,298600,3720200,
2018-06-27,298900,3722400,
2018-06-28,299000,3724200,
2018-06-29,299100,3726200,
2018-06-30,299300,3728100,
2018-07-01,299600,3730600,
2018-07-02,299700,3732600,
2018-07-03,299800,3734500,
2018-07-04,300000,3736400,
2018-07-05,300400,3738400,
2018-07-06,300700,3740600,
2018-07-07,300700,3742600,
2018-07-08,301100,3745100,
2018-07-09,301300,3746900,
2018-07-10,301500,3749100,
2018-07-11,301700,3750900,
2018-07-12,301800,3752500,
2018-07-13,302200,3754200,
2018-07-14,302300,3756000,
2018-07-15,302700,3758000,
2018-07-16,302900,3759500,
2018-07-17,303200,3760700,
2018-07-18,303400,3762700,
2018-07-19,303800,3764200,
2018-07-20,304200,3766200,
2018-07-21,304600,3768500,
2018-07-22,305100,3771300,
2018-07-23,305400,3774400,
2018-07-24,305500,3776000,
2018-07-25,305700,3777700,
2018-07-26,306100,3779800,
2018-07-27,306300,3781600,
2018-07-28,306400,3783100,
2018-07-29,306600,3785200,
2018-07-30,306800,3786200,
2018-07-31,306800,3788000,
2018-08-01,306900,3789900,
2018-08-02,307100,3791700,
2018-08-03,307300,3793400,
2018-08-04,307300,3795500,
2018-08-05,307500,3797400,
2018-08-06,307500,3799300,
2018-08-07,307600,3800900,
2018-08-08,307800,3802500,
2018-08-09,308000,3804000,
2018-08-10,308300,3805400,
2018-08-11,308500,3806800,
2018-08-12,308600,3808700,
2018-08-13,308700,3810200,
2018-08-14,308800,3811600,
2018-08-15,309100,3813000,
2018-08-16,309200,3813900,
2018-08-17,309400,3815500,
2018-08-18,309400,3817700,
2018-08-19,309500,3820100,
2018-08-20,309700,3821400,
2018-08-21,309800,3823600,
2018-08-22,310100,3825400,
2018-08-23,310200,3826600,
2018-08-24,310400,3828300,
2018-08-25,310500,3830200,
2018-08-26,310800,3833000,
2018-08-27,310800,3834300,
2018-08-28,310900,3836200,
2018-08-29,311000,3837700,
2018-08-30,311200,3839300,
2018-08-31,311300,3840800,
2018-09-01,311600,3842200,
2018-09-02,311800,3844400,
2018-09-03,311900,3845800,
2018-09-04,312000,3847300,
2018-09-05,312200,3848400,
2018-09-06,312300,3849900,
2018-09-07,312300,3851500,
2018-09-08,312500,3853300,
2018-09-09,313000,3855300,
2018-09-10,313100,3856700,
2018-09-11,313300,3857900,
2018-09-12,313500,3859500,
2018-09-13,313700,3860600,
2018-09-14,313900,3862300,
2018-09-15,314000,3865000,
2018-09-16,314200,3867600,
2018-09-17,314300,3869500,
2018-09-18,314400,3871500,
2018-09-19,314600,3872600,
2018-09-20,314800,3874000,
2018-09-21,315000,3875500,
2018-09-22,315100,3877300,
2018-09-23,315400,3879600,
2018-09-24,315700,3881000,
2018-09-25,315800,3882000,
2018-09-26,315900,3883100,
2018-09-27,316100,3884200,
2018-09-28,316200,3885700,
2018-09-29,316500,3887400,
2018-09-30,316700,3889900,
2018-10-01,316800,3892000,
2018-10-02,317000,3893000,
2018-10-03,317200,3894800,
2018-10-04,317300,3896500,
2018-10-05,317400,3898000,
2018-10-06,317700,3899800,
2018-10-07,318000,3902100,
2018-10-08,318100,3904000,
2018-10-09,318200,3905400,
2018-10-10,318400,3906400,
2018-10-11,318500,3907500,
2018-10-12,318800,3909500,
2018-10-13,319000,3911400,
2018-10-14,319100,3913600,
2018-10-15,319200,3915000,
2018-10-16,319300,3916500,
2018-10-17,319400,3917800,
2018-10-18,319400,3919200,
2018-10-19,319500,3920300,
2018-10-20,319600,3922400,
2018-10-21,319700,3923800,
2018-10-22,319700,3925300,
2018-10-23,319800,3926400,
2018-10-24,319900,3927000,
2018-10-25,319900,3928100,
2018-10-26,320000,3929300,
2018-10-27,320100,3930800,
2018-10-28,320500,3932300,
2018-10-29,320700,3933700,
2018-10-30,320900,3934600,
2018-10-31,321200,3935700,
2018-11-01,321200,3936900,
2018-11-02,321400,3937700,
2018-11-03,321600,3939500,
2018-11-04,321700,3941200,
2018-11-05,321900,3941900,
2018-11-06,322000,3942800,
2018-11-07,322200,3943800,
2018-11-08,322400,3944600,
2018-11-09,322500,3945700,
2018-11-10,322800,3947600,
2018-11-11,322900,3949400,
2018-11-12,323000,3950400,
2018-11-13,323100,3952300,
2018-11-14,323200,3953700,
2018-11-15,323300,3954300,
2018-11-16,323400,3955300,
2018-11-17,323600,3956900,
2018-11-18,323800,3958400,
2018-11-19,323900,3959800,
2018-11-20,324000,3960800,
2018-11-21,324200,3961500,
2018-11-22,324400,3962600,
2018-11-23,324500,3964500,
2018-11-24,324600,3966300,
2018-11-25,324800,3968400,
2018-11-26,324900,3969100,
2018-11-27,325000,3970000,
2018-11-28,325200,3971100,
2018-11-29,325400,3971700,
2018-11-30,325600,3972700,
2018-12-01,325700,3974400,
2018-12-02,325800,3975700,
2018-12-03,326000,3976800,
2018-12-04,326000,3977400,
2018-12-05,326200,3977900,
2018-12-06,326300,3978800,
2018-12-07,326500,3980000,
2018-12-08,326700,3981000,
2018-12-09,326800,3982000,
2018-12-10,326900,3982500,
2018-12-11,327100,3983700,
2018-12-12,327300,3984500,
2018-12-13,327400,3985600,
2018-12-14,327400,3986600,
2018-12-15,327500,3988500,
2018-12-16,327800,3990500,
2018-12-17,327800,3992200,
2018-12-18,327900,3993600,
2018-12-19,327900,3994800,
2018-12-20,328100,3996400,
2018-12-21,328400,3997700,
2018-12-22,328700,3999500,
2018-12-23,328800,4001300,
2018-12-24,328900,4003500,
2018-12-25,329200,4006000,
2018-12-26,329400,4008600,
2018-12-27,329800,4010700,
2018-12-28,330200,4012700,
2018-12-29,330500,4015300,
2018-12-30,330800,4017600,
2018-12-31,331000,4019600,
2019-01-01,331300,4021900,
2019-01-02,331600,4024500,
2019-01-03,331700,4026300,
2019-01-04,331900,4028600,
2019-01-05,332000,4030800,
2019-01-06,332200,4033000,
2019-01-07,332500,4034300,
2019-01-08,332700,4036200,
2019-01-09,332900,4037400,
2019-01-10,333000,4038800,
2019-01-11,333100,4040300,
2019-01-12,333600,4042900,
2019-01-13,333800,4044600,
2019-01-14,333800,4045800,
2019-01-15,333800,4047300,
2019-01-16,334000,4048500,
2019-01-17,334000,4049900,
2019-01-18,334100,4051400,
2019-01-19,334500,4054100,
2019-01-20,334600,4056500,
2019-01-21,334800,4057800,
2019-01-22,334900,4059100,
2019-01-23,334900,4060000,
2019-01-24,335000,4061200,
2019-01-25,335200,4062800,
2019-01-26,335300,4064400,
2019-01-27,335500,4066000,
2019-01-28,335600,4067400,
2019-01-29,335900,4068500,
2019-01-30,336000,4070000,
2019-01-31,336100,4071200,
2019-02-01,336200,4072700,
2019-02-02,336400,4074800,
2019-02-03,336500,4076900,
2019-02-04,336600,4078400,
2019-02-05,336700,4079500,
2019-02-06,336900,4080700,
2019-02-07,337100,4081800,
2019-02-08,337200,4083100,
2019-02-09,337500,4085100,
2019-02-10,337700,4087100,
2019-02-11,338000,4088500,
2019-02-12,338100,4089600,
2019-02-13,338100,4090300,
2019-02-14,338200,4091100,
2019-02-15,338300,4092200,
2019-02-16,338500,4093900,
2019-02-17,338600,4095900,
2019-02-18,338800,4097300,
2019-02-19,339000,4098700,
2019-02-20,339100,4099800,
2019-02-21,339300,4101000,
2019-02-22,339300,4102100,
2019-02-23,339400,4103600,
2019-02-24,339500,4105700,
2019-02-25,339600,4107000,
2019-02-26,339800,4108000,
2019-02-27,340000,4108700,
2019-02-28,340100,4109500,
2019-03-01,340300,4110700,
2019-03-02,340300,4112300,
2019-03-03,340400,4114100,
2019-03-04,340500,4115400,
2019-03-05,340600,4116500,
2019-03-06,340600,4117900,
2019-03-07,340800,4118700,
2019-03-08,340900,4119800,
2019-03-09,341200,4121600,
2019-03-10,341400,4123700,
2019-03-11,341400,4125400,
2019-03-12,341400,4126500,
2019-03-13,341600,4127100,
2019-03-14,341700,4128400,
2019-03-15,341700,4129100,
2019-03-16,341900,4130400,
2019-03-17,341900,4132100,
2019-03-18,342000,4132900,
2019-03-19,342200,4134100,
2019-03-20,342300,4135100,
2019-03-21,342400,4135900,
2019-03-22,342500,4136800,
2019-03-23,342700,4138200,
2019-03-24,342800,4139600,
2019-03-25,342900,4140600,
2019-03-26,343000,4141700,
2019-03-27,343100,4142400,
2019-03-28,343100,4143000,
2019-03-29,343200,4143800,
2019-03-30,343500,4145400,
2019-03-31,343700,4147000,
2019-04-01,344000,4147800,
2019-04-02,344200,4148400,
2019-04-03,344200,4149600,
2019-04-04,344200,4150300,
2019-04-05,344300,4150900,
2019-04-06,344600,4152200,
2019-04-07,344600,4153500,
2019-04-08,344700,4154600,
2019-04-09,344700,4155700,
2019-04-10,344700,4156600,
2019-04-11,344800,4157300,
2019-04-12,345000,4158100,
2019-04-13,345000,4159400,
2019-04-14,345200,4160900,
2019-04-15,345200,4161800,
2019-04-16,345200,4162500,
2019-04-17,345300,4163600,
2019-04-18,345400,4164700,
2019-04-19,345600,4165500,
2019-04-20,345800,4166200,
2019-04-21,345800,4167400,
2019-04-22,346000,4168300,
2019-04-23,346100,4169200,
2019-04-24,346200,4170000,
2019-04-25,346200,4170600,
2019-04-26,346300,4171400,
2019-04-27,346400,4172900,
2019-04-28,346500,4174100,
2019-04-29,346500,4175100,
2019-04-30,346600,4176100,
2019-05-01,346800,4177100,
2019-05-02,347000,4178000,
2019-05-03,347000,4178900,
2019-05-04,347100,4179900,
2019-05-05,347300,4181400,
2019-05-06,347500,4182200,
2019-05-07,347500,4183200,
2019-05-08,347600,4183700,
2019-05-09,347600,4184500,
2019-05-10,347900,4185600,
2019-05-11,348000,4186800,
2019-05-12,348200,4188000,
2019-05-13,348300,4188600,
2019-05-14,348400,4189300,
2019-05-15,348400,4190200,
2019-05-16,348500,4191200,
2019-05-17,348600,4192200,
2019-05-18,348800,4193900,
2019-05-19,348900,4195900,
2019-05-20,349000,4196600,
2019-05-21,349200,4197500,
2019-05-22,349200,4198400,
2019-05-23,349300,4199100,
2019-05-24,349300,4200200,
2019-05-25,349400,4202000,
2019-05-26,349600,4203800,
2019-05-27,349800,4205200,
2019-05-28,350000,4206200,
2019-05-29,350200,4207300,
2019-05-30,350300,4208600,
2019-05-31,350400,4209700,
2019-06-01,350500,4210800,
2019-06-02,350700,4212400,
2019-06-03,350800,4213200,
2019-06-04,350900,4214100,
2019-06-05,351000,4215100,
2019-06-06,351300,4216300,
2019-06-07,351300,4217200,
2019-06-08,351500,4218900,
2019-06-09,351700,4220600,
2019-06-10,351900,4221600,
2019-06-11,351900,4222500,
2019-06-12,352100,4224000,
2019-06-13,352300,4225100,
2019-06-14,352300,4226300,
2019-06-15,352300,4227600,
2019-06-16,352500,4229200,
2019-06-17,352600,4230100,
2019-06-18,352700,4231400,
2019-06-19,352900,4232200,
2019-06-20,353000,4233100,
2019-06-21,353100,4233800,
2019-06-22,353300,4235000,
2019-06-23,353500,4237100,
2019-06-24,353700,4238900,
2019-06-25,354000,4240000,
2019-06-26,354200,4240900,
2019-06-27,354400,4242200,
2019-06-28,354400,4243000,
2019-06-29,354700,4244900,
2019-06-30,354800,4246500,
2019-07-01,355000,4247400,
2019-07-02,355100,4248500,
2019-07-03,355200,4249700,
2019-07-04,355300,4251500,
2019-07-05,355300,4252600,
2019-07-06,355400,4253800,
2019-07-07,355500,4254700,
2019-07-08,355800,4255800,
2019-07-09,355900,4257000,
2019-07-10,356100,4258100,
2019-07-11,356100,4259500,
2019-07-12,356200,4260700,
2019-07-13,356300,4261800,
2019-07-14,356500,4263200,
2019-07-15,356600,4264800,
2019-07-16,356700,4266300,
2019-07-17,356800,4267600,
2019-07-18,357000,4268600,
2019-07-19,357000,4269500,
2019-07-20,357100,4271100,
2019-07-21,357300,4272500,
2019-07-22,357500,4273700,
2019-07-23,357500,4274900,
2019-07-24,357600,4276200,
2019-07-25,357700,4277200,
2019-07-26,357900,4278400,
2019-07-27,358000,4279400,
2019-07-28,358200,4280900,
2019-07-29,358400,4281900,
2019-07-30,358600,4282700,
2019-07-31,358800,4283800,
2019-08-01,359000,4285100,
2019-08-02,359100,4286400,
2019-08-03,359200,4287500,
2019-08-04,359300,4289100,
2019-08-05,359400,4290100,
2019-08-06,359600,4291200,
2019-08-07,359700,4292200,
2019-08-08,359800,4293000,
2019-08-09,360000,4293900,
2019-08-10,360100,4295100,
2019-08-11,360100,4296100,
2019-08-12,360200,4297000,
2019-08-13,360300,4297600,
2019-08-14,360300,4298700,
2019-08-15,360500,4299700,
2019-08-16,360700,4300800,
2019-08-17,360800,4301800,
2019-08-18,360900,4302700,
2019-08-19,360900,4303700,
2019-08-20,361000,4304700,
2019-08-21,361100,4306200,
2019-08-22,361100,4307700,
2019-08-23,361200,4309300,
2019-08-24,361300,4311300,
2019-08-25,361300,4313500,
2019-08-26,361500,4315800,
2019-08-27,361600,4318100,
2019-08-28,361700,4319400,
2019-08-29,361700,4321000,
2019-08-30,361900,4322600,
2019-08-31,362100,4324800,
2019-09-01,362300,4326900,
2019-09-02,362500,4328400,
2019-09-03,362600,4329600,
2019-09-04,362700,4331100,
2019-09-05,362700,4332200,
2019-09-06,362800,4332800,
2019-09-07,363000,4334300,
2019-09-08,363100,4335600,
2019-09-09,363300,4336400,
2019-09-10,363300,4337200,
2019-09-11,363400,4337900,
2019-09-12,363500,4338700,
2019-09-13,363500,4339600,
2019-09-14,363600,4340800,
2019-09-15,363700,4342100,
2019-09-16,363900,4342800,
2019-09-17,363900,4343600,
2019-09-18,364100,4344100,
2019-09-19,364100,4345100,
2019-09-20,364200,4346300,
2019-09-21,364500,4347700,
2019-09-22,364500,4348900,
2019-09-23,364700,4349800,
2019-09-24,364900,4350500,
2019-09-25,365000,4351500,
2019-09-26,365300,4352600,
2019-09-27,365300,4353800,
2019-09-28,365400,4355600,
2019-09-29,365500,4357200,
2019-09-30,365600,4358100,
2019-10-01,365700,4358900,
2019-10-02,365900,4359700,
2019-10-03,366000,4360400,
2019-10-04,366100,4361200,
2019-10-05,366100,4362400,
2019-10-06,366200,4363400,
2019-10-07,366200,4364100,
2019-10-08,366300,4364700,
2019-10-09,366400,4365000,
2019-10-10,366800,4365700,
2019-10-11,366900,4366700,
2019-10-12,367000,4368000,
2019-10-13,367000,4369100,
2019-10-14,367300,4370200,
2019-10-15,367400,4370800,
2019-10-16,367500,4371500,
2019-10-17,367500,4372400,
2019-10-18,367700,4373500,
2019-10-19,367800,4374800,
2019-10-20,368100,4375600,
2019-10-21,368200,4376400,
2019-10-22,368300,4377000,
2019-10-23,368400,4377700,
2019-10-24,368400,4378300,
2019-10-25,368500,4379200,
2019-10-26,368700,4381300,
2019-10-27,369000,4383500,
2019-10-28,369200,4385100,
2019-10-29,369300,4386500,
2019-10-30,369500,4387600,
2019-10-31,369500,4388800,
2019-11-01,369700,4390400,
2019-11-02,369700,4392300,
2019-11-03,370100,4394300,
2019-11-04,370100,4395700,
2019-11-05,370200,4396700,
2019-11-06,370200,4398000,
2019-11-07,370500,4399000,
2019-11-08,370600,4400000,
2019-11-09,370800,4401500,
2019-11-10,370800,4403900,
2019-11-11,370900,4405500,
2019-11-12,371000,4407300,
2019-11-13,371100,4408100,
2019-11-14,371100,4408900,
2019-11-15,371200,4410100,
2019-11-16,371500,4412400,
2019-11-17,371500,4414300,
2019-11-18,371700,4415500,
2019-11-19,371700,4416700,
2019-11-20,371700,4418300,
2019-11-21,371700,4419400,
2019-11-22,372000,4420600,
2019-11-23,372100,4422400,
2019-11-24,372300,4423900,
2019-11-25,372400,4424900,
2019-11-26,372600,4427000,
2019-11-27,372700,4428200,
2019-11-28,372800,4429900,
2019-11-29,373000,4431800,
2019-11-30,373100,4433500,
2019-12-01,373200,4436100,
2019-12-02,373300,4437500,
2019-12-03,373300,4438600,
2019-12-04,373400,4440200,
2019-12-05,373500,4442100,
2019-12-06,373700,4443700,
2019-12-07,373800,4445400,
2019-12-08,374000,4447300,
2019-12-09,374000,4448700,
2019-12-10,374100,4450900,
2019-12-11,374200,4452100,
2019-12-12,374200,4453400,
2019-12-13,374300,4455400,
2019-12-14,374600,4457200,
2019-12-15,374700,4459500,
2019-12-16,375000,4461200,
2019-12-17,375300,4462700,
2019-12-18,375400,4464100,
2019-12-19,375700,4465500,
2019-12-20,375800,4467100,
2019-12-21,376100,4469000,
2019-12-22,376200,4470900,
2019-12-23,376300,4473100,
2019-12-24,376700,4474900,
2019-12-25,376800,4477800,
2019-12-26,377100,4480400,
2019-12-27,377300,4483000,
2019-12-28,377400,4485400,
2019-12-29,377400,4488400,
2019-12-30,377500,4491200,
2019-12-31,377500,4493700,
2020-01-01,377800,4495800,
2020-01-02,378100,4498300,
2020-01-03,378400,4501100,
2020-01-04,378500,4503700,
2020-01-05,378700,4505900,
2020-01-06,378900,4507800,
2020-01-07,378900,4509700,
2020-01-08,378900,4511200,
2020-01-09,379000,4512500,
2020-01-10,379200,4513900,
2020-01-11,379500,4516300,
2020-01-12,379600,4518100,
2020-01-13,379800,4519900,
2020-01-14,380000,4521100,
2020-01-15,380100,4522200,
2020-01-16,380200,4523700,
2020-01-17,380300,4525300,
2020-01-18,380500,4527800,
2020-01-19,380700,4530300,
2020-01-20,380700,4532200,
2020-01-21,380900,4533400,
2020-01-22,381000,4534500,
2020-01-23,381100,4535800,
2020-01-24,381200,4537600,
2020-01-25,381400,4540400,
2020-01-26,381700,4543200,
2020-01-27,381900,4545200,
2020-01-28,382000,4546400,
2020-01-29,382000,4548400,
2020-01-30,382200,4550100,
2020-01-31,382400,4551900,
2020-02-01,382700,4554100,
2020-02-02,382800,4557300,
2020-02-03,382900,4558800,
2020-02-04,383100,4559600,
2020-02-05,383300,4561000,
2020-02-06,383500,4562700,
2020-02-07,383500,4564200,
2020-02-08,383600,4566300,
2020-02-09,383600,4568300,
2020-02-10,383700,4570000,
2020-02-11,383800,4571300,
2020-02-12,383900,4572300,
2020-02-13,384100,4573200,
2020-02-14,384200,4574500,
2020-02-15,384400,4576800,
2020-02-16,384400,4578700,
2020-02-17,384500,4580300,
2020-02-18,384500,4581800,
2020-02-19,384500,4582900,
2020-02-20,384800,4584200,
2020-02-21,384800,4585300,
2020-02-22,384900,4587000,
2020-02-23,384900,4588900,
2020-02-24,385000,4590100,
2020-02-25,385100,4591100,
2020-02-26,385300,4592300,
2020-02-27,385500,4593100,
2020-02-28,385600,4594400,
2020-02-29,385800,4596500,
2020-03-01,385900,4598800,
2020-03-02,386000,4599900,
2020-03-03,386100,4601000,
2020-03-04,386100,4602500,
2020-03-05,386200,4603100,
2020-03-06,386200,4604300,
2020-03-07,386400,4606800,
2020-03-08,386500,4608900,
2020-03-09,386600,4610600,
2020-03-10,386700,4612400,
2020-03-11,386900,4613400,
2020-03-12,387100,4614500,
2020-03-13,387200,4615800,
2020-03-14,387300,4617600,
2020-03-15,387500,4620100,
2020-03-16,387600,4622500,
2020-03-17,387800,4625100,
2020-03-18,388000,4627600,
2020-03-19,388100,4630700,
2020-03-20,388100,4633600,
2020-03-21,388400,4636400,
2020-03-22,388500,4640200,
2020-03-23,388700,4642700,
2020-03-24,389100,4645200,
2020-03-25,389400,4647600,
2020-03-26,389600,4650300,
2020-03-27,389800,4652800,
2020-03-28,390200,4656300,
2020-03-29,390400,4660000,
2020-03-30,390600,4662800,
2020-03-31,391200,4666400,
2020-04-01,391500,4669900,
2020-04-02,391700,4672800,
2020-04-03,392000,4675400,
2020-04-04,392300,4677900,
2020-04-05,392700,4681300,
2020-04-06,392700,4684100,
2020-04-07,393100,4686700,
2020-04-08,393400,4689800,
2020-04-09,393700,4691400,
2020-04-10,393900,4693100,
2020-04-11,394100,4695300,
2020-04-12,394500,4697800,
2020-04-13,394800,4700000,
2020-04-14,395000,4702200,
2020-04-15,395200,4704500,
2020-04-16,395400,4707600,
2020-04-17,395700,4709800,
2020-04-18,395900,4711900,
2020-04-19,396200,4714100,
2020-04-20,396400,4716200,
2020-04-21,396600,4718100,
2020-04-22,396700,4720200,
2020-04-23,397100,4722300,
2020-04-24,397200,4724400,
2020-04-25,397400,4727100,
2020-04-26,397600,4729800,
2020-04-27,397700,4731900,
2020-04-28,397900,4733800,
2020-04-29,398300,4736400,
2020-04-30,398300,4738500,
2020-05-01,398700,4741000,
2020-05-02,398800,4743600,
2020-05-03,399100,4745800,
2020-05-04,399300,4748500,
2020-05-05,399600,4750900,
2020-05-06,399700,4752800,
2020-05-07,399900,4755100,
2020-05-08,400200,4757700,
2020-05-09,400300,4761000,
2020-05-10,400700,4764200,
2020-05-11,400900,4766600,
2020-05-12,401000,4769400,
2020-05-13,401200,4772300,
2020-05-14,401400,4774600,
2020-05-15,401600,4777400,
2020-05-16,402000,4781000,
2020-05-17,402200,4784100,
2020-05-18,402400,4787500,
2020-05-19,402500,4790300,
2020-05-20,402600,4793700,
2020-05-21,402900,4796800,
2020-05-22,403200,4799100,
2020-05-23,403500,4801600,
2020-05-24,403800,4804600,
2020-05-25,404000,4807100,
2020-05-26,404100,4809000,
2020-05-27,404200,4810600,
2020-05-28,404400,4812800,
2020-05-29,404500,4814700,
2020-05-30,404600,4817000,
2020-05-31,404800,4819200,
2020-06-01,405200,4820600,
2020-06-02,405400,4822300,
2020-06-03,405500,4824000,
2020-06-04,405600,4825800,
2020-06-05,405700,4827700,
2020-06-06,405900,4830300,
2020-06-07,406000,4832500,
2020-06-08,406100,4834500,
2020-06-09,406300,4836400,
2020-06-10,406400,4838900,
2020-06-11,406700,4840600,
2020-06-12,406900,4842300,
2020-06-13,407100,4844200,
2020-06-14,407300,4846300,
2020-06-15,407300,4848700,
2020-06-16,407400,4851000,
2020-06-17,407500,4853500,
2020-06-18,407600,4855100,
2020-06-19,407800,4857000,
2020-06-20,407900,4858400,
2020-06-21,408200,4860600,
2020-06-22,408300,4862400,
2020-06-23,408400,4864500,
2020-06-24,408500,4866500,
2020-06-25,408700,4869100,
2020-06-26,408900,4870900,
2020-06-27,408900,4873100,
2020-06-28,409000,4875100,
2020-06-29,409100,4876700,
2020-06-30,409300,4878800,
2020-07-01,409400,4880700,
2020-07-02,409700,4882600,
2020-07-03,409700,4884500,
2020-07-04,409900,4886100,
2020-07-05,410100,4888400,
2020-07-06,410500,4890800,
2020-07-07,410700,4892900,
2020-07-08,410800,4894900,
2020-07-09,410900,4896600,
2020-07-10,411000,4898200,
2020-07-11,411100,4899900,
2020-07-12,411300,4901700,
2020-07-13,411300,4903400,
2020-07-14,411600,4904900,
2020-07-15,411700,4907200,
2020-07-16,411800,4908700,
2020-07-17,411900,4909700,
2020-07-18,412100,4911400,
2020-07-19,412200,4912600,
2020-07-20,412300,4914400,
2020-07-21,412300,4916100,
2020-07-22,412500,4917600,
2020-07-23,412600,4919200,
2020-07-24,412600,4920800,
2020-07-25,412800,4922400,
2020-07-26,413000,4924100,
2020-07-27,413100,4925700,
2020-07-28,413200,4927100,
2020-07-29,413400,4928300,
2020-07-30,413600,4929600,
2020-07-31,413900,4931400,
2020-08-01,414000,4932700,
2020-08-02,414200,4934800,
2020-08-03,414300,4936100,
2020-08-04,414400,4936900,
2020-08-05,414500,4938100,
2020-08-06,414700,4939500,
2020-08-07,414800,4940800,
2020-08-08,414800,4942500,
2020-08-09,415000,4944200,
2020-08-10,415200,4945100,
2020-08-11,415200,4946200,
2020-08-12,415400,4947600,
2020-08-13,415500,4948900,
2020-08-14,415700,4950100,
2020-08-15,415900,4951800,
2020-08-16,416000,4953100,
2020-08-17,416000,4954500,
2020-08-18,416100,4956100,
2020-08-19,416200,4957700,
2020-08-20,416200,4959600,
2020-08-21,416200,4961400,
2020-08-22,416300,4964000,
2020-08-23,416500,4966000,
2020-08-24,416500,4968300,
2020-08-25,416700,4970200,
2020-08-26,416800,4971900,
2020-08-27,416800,4973600,
2020-08-28,416900,4975500,
2020-08-29,417000,4977600,
2020-08-30,417100,4979900,
2020-08-31,417200,4982000,
2020-09-01,417300,4984100,
2020-09-02,417300,4985800,
2020-09-03,417500,4987000,
2020-09-04,417500,4988400,
2020-09-05,417600,4989900,
2020-09-06,417800,4991500,
2020-09-07,417800,4993000,
2020-09-08,417900,4994400,
2020-09-09,418000,4995200,
2020-09-10,418000,4996400,
2020-09-11,418000,4997400,
2020-09-12,418200,4998600,
2020-09-13,418300,5000500,
2020-09-14,418500,5001100,
2020-09-15,418600,5001900,
2020-09-16,418600,5002800,
2020-09-17,418700,5004100,
2020-09-18,418800,5005800,
2020-09-19,418800,5008100,
2020-09-20,418900,5010100,
2020-09-21,418900,5011500,
2020-09-22,419000,5013300,
2020-09-23,419000,5014500,
2020-09-24,419200,5016000,
2020-09-25,419300,5017000,
2020-09-26,419500,5019000,
2020-09-27,419600,5021100,
2020-09-28,419700,5022400,
2020-09-29,419800,5023500,
2020-09-30,419900,5024900,
2020-10-01,420000,5025900,
2020-10-02,420100,5027800,
2020-10-03,420100,5029300,
2020-10-04,420200,5031400,
2020-10-05,420200,5032700,
2020-10-06,420300,5033600,
2020-10-07,420400,5034800,
2020-10-08,420500,5036000,
2020-10-09,420500,5037100,
2020-10-10,420800,5038900,
2020-10-11,421000,5040100,
2020-10-12,421000,5041600,
2020-10-13,421100,5043000,
2020-10-14,421200,5044100,
2020-10-15,421300,5044900,
2020-10-16,421300,5046100,
2020-10-17,421300,5047800,
2020-10-18,421500,5048700,
2020-10-19,421600,5049600,
2020-10-20,421700,5050700,
2020-10-21,421900,5051600,
2020-10-22,421900,5052700,
2020-10-23,422000,5054200,
2020-10-24,422100,5055400,
2020-10-25,422300,5056300,
2020-10-26,422300,5057300,
2020-10-27,422400,5058500,
2020-10-28,422400,5059300,
2020-10-29,422500,5060500,
2020-10-30,422500,5061400,
2020-10-31,422700,5062300,
2020-11-01,422700,5063300,
2020-11-02,422900,5064300,
2020-11-03,423100,5065400,
2020-11-04,423200,5066400,
2020-11-05,423300,5067700,
2020-11-06,423300,5068500,
2020-11-07,423400,5069500,
2020-11-08,423500,5070800,
2020-11-09,423500,5072500,
2020-11-10,423500,5073400,
2020-11-11,423500,5074500,
2020-11-12,423500,5075500,
2020-11-13,423600,5076900,
2020-11-14,423600,5078300,
2020-11-15,423700,5080400,
2020-11-16,423700,5081300,
2020-11-17,423700,5082000,
2020-11-18,423700,5084000,
2020-11-19,423700,5084000,
