Date,'',PS4 player count,PS Vita player count
2014-04-01,,4500,0
2014-04-02,,38600,100
2014-04-03,,78400,200
2014-04-04,,120300,400
2014-04-05,,165400,600
2014-04-06,,203900,900
2014-04-07,,227900,1200
2014-04-08,,250600,1200
2014-04-09,,270100,1200
2014-04-10,,287400,1300
2014-04-11,,308500,1300
2014-04-12,,333700,1500
2014-04-13,,359900,1600
2014-04-14,,377100,1800
2014-04-15,,395000,1800
2014-04-16,,409200,2000
2014-04-17,,425700,2100
2014-04-18,,444300,2200
2014-04-19,,462300,2200
2014-04-20,,478600,2200
2014-04-21,,493000,2300
2014-04-22,,503500,2300
2014-04-23,,513600,2300
2014-04-24,,522700,2500
2014-04-25,,534300,2600
2014-04-26,,550000,2700
2014-04-27,,562700,2800
2014-04-28,,572200,2800
2014-04-29,,582300,2900
2014-04-30,,591600,3000
2014-05-01,,601500,3000
2014-05-02,,609900,3000
2014-05-03,,622400,3000
2014-05-04,,636300,3100
2014-05-05,,643500,3200
2014-05-06,,651300,3200
2014-05-07,,656700,3200
2014-05-08,,662000,3200
2014-05-09,,667400,3200
2014-05-10,,675200,3200
2014-05-11,,680500,3300
2014-05-12,,683900,3300
2014-05-13,,688600,3300
2014-05-14,,692000,3400
2014-05-15,,695300,3400
2014-05-16,,698500,3400
2014-05-17,,702300,3400
2014-05-18,,707800,3500
2014-05-19,,710600,3500
2014-05-20,,713400,3500
2014-05-21,,716900,3500
2014-05-22,,720300,3500
2014-05-23,,723500,3500
2014-05-24,,728000,3500
2014-05-25,,732000,3500
2014-05-26,,736100,3500
2014-05-27,,739400,3500
2014-05-28,,743400,3500
2014-05-29,,746600,3500
2014-05-30,,750700,3500
2014-05-31,,754400,3500
2014-06-01,,757600,3500
2014-06-02,,760200,3500
2014-06-03,,762900,3500
2014-06-04,,765800,3500
2014-06-05,,768700,3500
2014-06-06,,771000,3500
2014-06-07,,773800,3500
2014-06-08,,776500,3600
2014-06-09,,778100,3600
2014-06-10,,780300,3600
2014-06-11,,782200,3600
2014-06-12,,784000,3600
2014-06-13,,786100,3600
2014-06-14,,788600,3600
2014-06-15,,790700,3600
2014-06-16,,792500,3600
2014-06-17,,794200,3600
2014-06-18,,796200,3600
2014-06-19,,797600,3600
2014-06-20,,799300,3600
2014-06-21,,801400,3600
2014-06-22,,803600,3700
2014-06-23,,805100,3700
2014-06-24,,806800,3700
2014-06-25,,808300,3700
2014-06-26,,810200,3700
2014-06-27,,811300,3700
2014-06-28,,813000,3700
2014-06-29,,814700,3800
2014-06-30,,816400,3800
2014-07-01,,817900,3800
2014-07-02,,819800,3800
2014-07-03,,821300,3800
2014-07-04,,822800,3800
2014-07-05,,824300,3800
2014-07-06,,825900,3800
2014-07-07,,827300,3800
2014-07-08,,828800,3900
2014-07-09,,830000,3900
2014-07-10,,831300,3900
2014-07-11,,832900,3900
2014-07-12,,834800,3900
2014-07-13,,836600,3900
2014-07-14,,838000,3900
2014-07-15,,839900,3900
2014-07-16,,841400,3900
2014-07-17,,843100,4000
2014-07-18,,844400,4000
2014-07-19,,846100,4000
2014-07-20,,847600,4000
2014-07-21,,849200,4000
2014-07-22,,850400,4000
2014-07-23,,851600,4000
2014-07-24,,852600,4000
2014-07-25,,854100,4000
2014-07-26,,855300,4000
2014-07-27,,856600,4000
2014-07-28,,858200,4000
2014-07-29,,859300,4000
2014-07-30,,860400,4000
2014-07-31,,862000,4000
2014-08-01,,863200,4000
2014-08-02,,864900,4000
2014-08-03,,866000,4000
2014-08-04,,867200,4000
2014-08-05,,868800,4000
2014-08-06,,870000,4000
2014-08-07,,871300,4000
2014-08-08,,872500,4000
2014-08-09,,873700,4000
2014-08-10,,875000,4000
2014-08-11,,876000,4000
2014-08-12,,876500,4000
2014-08-13,,877300,4000
2014-08-14,,878500,4000
2014-08-15,,879700,4000
2014-08-16,,881000,4000
2014-08-17,,882100,4000
2014-08-18,,883000,4000
2014-08-19,,884000,4000
2014-08-20,,885000,4000
2014-08-21,,886300,4000
2014-08-22,,887000,4000
2014-08-23,,887900,4000
2014-08-24,,888500,4000
2014-08-25,,889200,4100
2014-08-26,,890400,4100
2014-08-27,,892100,4100
2014-08-28,,893000,4100
2014-08-29,,894000,4100
2014-08-30,,894700,4100
2014-08-31,,896000,4100
2014-09-01,,897100,4100
2014-09-02,,898200,4100
2014-09-03,,898900,4100
2014-09-04,,900000,4100
2014-09-05,,901000,4200
2014-09-06,,902300,4200
2014-09-07,,903900,4200
2014-09-08,,904900,4200
2014-09-09,,906400,4200
2014-09-10,,908000,4200
2014-09-11,,909500,4200
2014-09-12,,910700,4200
2014-09-13,,912200,4200
2014-09-14,,913700,4300
2014-09-15,,914400,4300
2014-09-16,,915300,4300
2014-09-17,,916200,4300
2014-09-18,,916900,4300
2014-09-19,,917400,4300
2014-09-20,,918900,4300
2014-09-21,,920200,4300
2014-09-22,,921100,4300
2014-09-23,,921800,4300
2014-09-24,,922400,4300
2014-09-25,,923500,4300
2014-09-26,,924200,4300
2014-09-27,,925400,4300
2014-09-28,,926500,4300
2014-09-29,,927200,4300
2014-09-30,,928100,4300
2014-10-01,,928500,4300
2014-10-02,,929300,4300
2014-10-03,,930200,4300
2014-10-04,,931300,4300
2014-10-05,,932000,4300
2014-10-06,,932600,4300
2014-10-07,,933500,4300
2014-10-08,,934300,4300
2014-10-09,,934800,4300
2014-10-10,,936000,4300
2014-10-11,,936500,4300
2014-10-12,,937600,4300
2014-10-13,,938100,4300
2014-10-14,,938800,4300
2014-10-15,,939000,4300
2014-10-16,,939900,4300
2014-10-17,,940400,4300
2014-10-18,,941300,4300
2014-10-19,,941900,4300
2014-10-20,,942700,4300
2014-10-21,,943100,4300
2014-10-22,,943600,4300
2014-10-23,,944200,4300
2014-10-24,,944700,4300
2014-10-25,,945500,4300
2014-10-26,,946100,4300
2014-10-27,,946700,4300
2014-10-28,,947500,4300
2014-10-29,,949200,4300
2014-10-30,,950500,4300
2014-10-31,,951200,4300
2014-11-01,,952300,4400
2014-11-02,,953500,4400
2014-11-03,,954400,4400
2014-11-04,,955800,4400
2014-11-05,,956800,4400
2014-11-06,,957800,4400
2014-11-07,,959300,4400
2014-11-08,,960700,4400
2014-11-09,,961800,4400
2014-11-10,,963100,4400
2014-11-11,,964300,4400
2014-11-12,,965300,4400
2014-11-13,,966100,4400
2014-11-14,,967000,4400
2014-11-15,,968200,4400
2014-11-16,,969300,4400
2014-11-17,,970200,4400
2014-11-18,,971400,4400
2014-11-19,,972400,4400
2014-11-20,,973000,4400
2014-11-21,,974100,4400
2014-11-22,,975200,4400
2014-11-23,,976100,4400
2014-11-24,,976900,4400
2014-11-25,,977700,4400
2014-11-26,,978000,4400
2014-11-27,,979000,4400
2014-11-28,,980000,4400
2014-11-29,,980900,4400
2014-11-30,,982300,4400
2014-12-01,,982900,4400
2014-12-02,,983400,4400
2014-12-03,,983900,4400
2014-12-04,,984200,4400
2014-12-05,,985000,4400
2014-12-06,,985700,4400
2014-12-07,,986600,4400
2014-12-08,,987000,4400
2014-12-09,,987500,4400
2014-12-10,,988000,4400
2014-12-11,,988600,4400
2014-12-12,,989100,4400
2014-12-13,,989800,4400
2014-12-14,,990500,4400
2014-12-15,,990800,4400
2014-12-16,,991200,4400
2014-12-17,,991900,4400
2014-12-18,,992400,4400
2014-12-19,,992900,4400
2014-12-20,,993900,4400
2014-12-21,,995000,4400
2014-12-22,,995500,4400
2014-12-23,,996500,4400
2014-12-24,,996900,4400
2014-12-25,,997400,4400
2014-12-26,,997500,4400
2014-12-27,,997700,4400
2014-12-28,,998400,4400
2014-12-29,,999100,4400
2014-12-30,,999700,4400
2014-12-31,,1001000,4400
2015-01-01,,1001700,4400
2015-01-02,,1002600,4400
2015-01-03,,1003200,4400
2015-01-04,,1003800,4400
2015-01-05,,1004400,4400
2015-01-06,,1004900,4400
2015-01-07,,1005600,4400
2015-01-08,,1006100,4400
2015-01-09,,1006500,4400
2015-01-10,,1007500,4400
2015-01-11,,1008100,4400
2015-01-12,,1008500,4400
2015-01-13,,1008900,4400
2015-01-14,,1009500,4400
2015-01-15,,1009800,4400
2015-01-16,,1010100,4400
2015-01-17,,1010600,4400
2015-01-18,,1010900,4400
2015-01-19,,1011300,4400
2015-01-20,,1011800,4400
2015-01-21,,1012000,4400
2015-01-22,,1012300,4400
2015-01-23,,1012700,4400
2015-01-24,,1013200,4400
2015-01-25,,1013800,4400
2015-01-26,,1014100,4400
2015-01-27,,1014400,4400
2015-01-28,,1014700,4400
2015-01-29,,1014900,4400
2015-01-30,,1015100,4400
2015-01-31,,1015500,4400
2015-02-01,,1016100,4400
2015-02-02,,1016500,4400
2015-02-03,,1016700,4400
2015-02-04,,1017000,4400
2015-02-05,,1017200,4400
2015-02-06,,1017600,4400
2015-02-07,,1017800,4400
2015-02-08,,1018500,4400
2015-02-09,,1018700,4400
2015-02-10,,1019000,4400
2015-02-11,,1019100,4400
2015-02-12,,1019300,4400
2015-02-13,,1019600,4400
2015-02-14,,1020700,4400
2015-02-15,,1021700,4400
2015-02-16,,1022800,4400
2015-02-17,,1023700,4400
2015-02-18,,1024300,4400
2015-02-19,,1024800,4400
2015-02-20,,1025300,4500
2015-02-21,,1025900,4500
2015-02-22,,1026700,4500
2015-02-23,,1027000,4500
2015-02-24,,1027400,4500
2015-02-25,,1028100,4500
2015-02-26,,1028600,4500
2015-02-27,,1029000,4500
2015-02-28,,1029500,4500
2015-03-01,,1030300,4500
2015-03-02,,1030400,4500
2015-03-03,,1030800,4500
2015-03-04,,1031100,4500
2015-03-05,,1031500,4500
2015-03-06,,1031800,4500
2015-03-07,,1032300,4500
2015-03-08,,1032700,4600
2015-03-09,,1033000,4600
2015-03-10,,1033400,4600
2015-03-11,,1033400,4600
2015-03-12,,1033700,4600
2015-03-13,,1034000,4600
2015-03-14,,1034600,4600
2015-03-15,,1035400,4600
2015-03-16,,1035700,4600
2015-03-17,,1035900,4600
2015-03-18,,1036000,4600
2015-03-19,,1036300,4600
2015-03-20,,1036700,4600
2015-03-21,,1036800,4700
2015-03-22,,1037200,4700
2015-03-23,,1037700,4700
2015-03-24,,1038000,4700
2015-03-25,,1038300,4700
2015-03-26,,1038900,4700
2015-03-27,,1039400,4700
2015-03-28,,1039800,4700
2015-03-29,,1040600,4700
2015-03-30,,1040800,4700
2015-03-31,,1041000,4700
2015-04-01,,1041300,4700
2015-04-02,,1041700,4700
2015-04-03,,1042000,4700
2015-04-04,,1042500,4700
2015-04-05,,1042700,4700
2015-04-06,,1042900,4700
2015-04-07,,1043200,4700
2015-04-08,,1043500,4700
2015-04-09,,1043900,4700
2015-04-10,,1044100,4700
2015-04-11,,1044600,4700
2015-04-12,,1045000,4700
2015-04-13,,1045300,4700
2015-04-14,,1045500,4700
2015-04-15,,1045700,4700
2015-04-16,,1045900,4700
2015-04-17,,1046100,4700
2015-04-18,,1046800,4700
2015-04-19,,1047000,4700
2015-04-20,,1047200,4700
2015-04-21,,1047400,4700
2015-04-22,,1047600,4700
2015-04-23,,1047800,4700
2015-04-24,,1048000,4700
2015-04-25,,1048300,4700
2015-04-26,,1048800,4700
2015-04-27,,1049200,4700
2015-04-28,,1049400,4700
2015-04-29,,1050000,4700
2015-04-30,,1050200,4700
2015-05-01,,1050300,4700
2015-05-02,,1050400,4700
2015-05-03,,1050800,4700
2015-05-04,,1051000,4700
2015-05-05,,1051100,4700
2015-05-06,,1051200,4700
2015-05-07,,1051200,4700
2015-05-08,,1051600,4700
2015-05-09,,1051800,4700
2015-05-10,,1051900,4700
2015-05-11,,1052000,4700
2015-05-12,,1052200,4700
2015-05-13,,1052400,4700
2015-05-14,,1052400,4700
2015-05-15,,1052700,4700
2015-05-16,,1053000,4700
2015-05-17,,1053100,4700
2015-05-18,,1053200,4700
2015-05-19,,1053300,4700
2015-05-20,,1053400,4700
2015-05-21,,1053400,4700
2015-05-22,,1053400,4700
2015-05-23,,1054000,4700
2015-05-24,,1054200,4700
2015-05-25,,1054600,4700
2015-05-26,,1054900,4700
2015-05-27,,1054900,4700
2015-05-28,,1055200,4700
2015-05-29,,1055400,4700
2015-05-30,,1055800,4700
2015-05-31,,1056000,4700
2015-06-01,,1056300,4700
2015-06-02,,1056500,4700
2015-06-03,,1056700,4700
2015-06-04,,1056800,4700
2015-06-05,,1057000,4700
2015-06-06,,1057200,4700
2015-06-07,,1057400,4700
2015-06-08,,1057600,4700
2015-06-09,,1057700,4700
2015-06-10,,1057900,4700
2015-06-11,,1058300,4700
2015-06-12,,1058400,4700
2015-06-13,,1058700,4700
2015-06-14,,1058800,4700
2015-06-15,,1059100,4700
2015-06-16,,1059500,4700
2015-06-17,,1059800,4700
2015-06-18,,1060000,4700
2015-06-19,,1060100,4700
2015-06-20,,1060500,4700
2015-06-21,,1060800,4700
2015-06-22,,1061000,4700
2015-06-23,,1061300,4700
2015-06-24,,1061700,4700
2015-06-25,,1061800,4700
2015-06-26,,1062200,4700
2015-06-27,,1062400,4700
2015-06-28,,1062900,4700
2015-06-29,,1063000,4700
2015-06-30,,1063400,4700
2015-07-01,,1063700,4700
2015-07-02,,1063900,4700
2015-07-03,,1063900,4700
2015-07-04,,1064100,4700
2015-07-05,,1064500,4700
2015-07-06,,1064900,4700
2015-07-07,,1065400,4700
2015-07-08,,1065700,4700
2015-07-09,,1066200,4700
2015-07-10,,1066400,4700
2015-07-11,,1066500,4700
2015-07-12,,1066600,4700
2015-07-13,,1066800,4700
2015-07-14,,1067100,4700
2015-07-15,,1067600,4700
2015-07-16,,1067700,4700
2015-07-17,,1068200,4700
2015-07-18,,1068500,4700
2015-07-19,,1068700,4700
2015-07-20,,1068900,4700
2015-07-21,,1069200,4700
2015-07-22,,1069300,4700
2015-07-23,,1069600,4700
2015-07-24,,1070000,4700
2015-07-25,,1070300,4700
2015-07-26,,1070500,4700
2015-07-27,,1070600,4700
2015-07-28,,1070900,4700
2015-07-29,,1071100,4700
2015-07-30,,1071400,4700
2015-07-31,,1071700,4700
2015-08-01,,1072400,4700
2015-08-02,,1072600,4700
2015-08-03,,1073100,4700
2015-08-04,,1073100,4700
2015-08-05,,1073400,4700
2015-08-06,,1073400,4700
2015-08-07,,1073700,4700
2015-08-08,,1073900,4700
2015-08-09,,1074300,4700
2015-08-10,,1074600,4700
2015-08-11,,1074700,4700
2015-08-12,,1074900,4700
2015-08-13,,1075100,4700
2015-08-14,,1075300,4700
2015-08-15,,1075600,4700
2015-08-16,,1075800,4700
2015-08-17,,1076100,4700
2015-08-18,,1076300,4700
2015-08-19,,1076600,4700
2015-08-20,,1076700,4700
2015-08-21,,1077000,4700
2015-08-22,,1077300,4700
2015-08-23,,1077700,4700
2015-08-24,,1078000,4700
2015-08-25,,1078200,4700
2015-08-26,,1078300,4700
2015-08-27,,1078500,4700
2015-08-28,,1078700,4700
2015-08-29,,1079200,4700
2015-08-30,,1079700,4700
2015-08-31,,1080000,4700
2015-09-01,,1080300,4700
2015-09-02,,1080500,4700
2015-09-03,,1080800,4700
2015-09-04,,1081100,4700
2015-09-05,,1081600,4700
2015-09-06,,1081700,4700
2015-09-07,,1082000,4700
2015-09-08,,1082200,4700
2015-09-09,,1082300,4700
2015-09-10,,1082600,4700
2015-09-11,,1082700,4700
2015-09-12,,1082800,4700
2015-09-13,,1083100,4700
2015-09-14,,1083100,4700
2015-09-15,,1083100,4700
2015-09-16,,1083300,4700
2015-09-17,,1083400,4700
2015-09-18,,1083400,4700
2015-09-19,,1083600,4700
2015-09-20,,1083800,4700
2015-09-21,,1084100,4700
2015-09-22,,1084200,4700
2015-09-23,,1084400,4700
2015-09-24,,1084700,4700
2015-09-25,,1084800,4700
2015-09-26,,1085000,4700
2015-09-27,,1085200,4700
2015-09-28,,1085300,4700
2015-09-29,,1085400,4700
2015-09-30,,1085500,4700
2015-10-01,,1085600,4700
2015-10-02,,1085600,4700
2015-10-03,,1086000,4700
2015-10-04,,1086300,4700
2015-10-05,,1086400,4700
2015-10-06,,1086700,4700
2015-10-07,,1086800,4700
2015-10-08,,1086900,4700
2015-10-09,,1086900,4700
2015-10-10,,1087000,4700
2015-10-11,,1087100,4700
2015-10-12,,1087100,4700
2015-10-13,,1087300,4700
2015-10-14,,1087400,4700
2015-10-15,,1087400,4700
2015-10-16,,1087400,4700
2015-10-17,,1087500,4700
2015-10-18,,1087900,4700
2015-10-19,,1088000,4700
2015-10-20,,1088000,4700
2015-10-21,,1088100,4700
2015-10-22,,1088100,4700
2015-10-23,,1088200,4700
2015-10-24,,1088600,4700
2015-10-25,,1088600,4700
2015-10-26,,1088600,4700
2015-10-27,,1088800,4700
2015-10-28,,1089000,4700
2015-10-29,,1089100,4700
2015-10-30,,1089300,4700
2015-10-31,,1089400,4700
2015-11-01,,1089700,4700
2015-11-02,,1089800,4700
2015-11-03,,1089800,4700
2015-11-04,,1089900,4700
2015-11-05,,1089900,4700
2015-11-06,,1090100,4700
2015-11-07,,1090500,4700
2015-11-08,,1091000,4700
2015-11-09,,1091100,4700
2015-11-10,,1091100,4700
2015-11-11,,1091100,4700
2015-11-12,,1091200,4700
2015-11-13,,1091500,4700
2015-11-14,,1091600,4700
2015-11-15,,1091700,4700
2015-11-16,,1091800,4700
2015-11-17,,1091800,4700
2015-11-18,,1092000,4700
2015-11-19,,1092100,4700
2015-11-20,,1092300,4700
2015-11-21,,1092500,4700
2015-11-22,,1092500,4700
2015-11-23,,1092600,4700
2015-11-24,,1092600,4700
2015-11-25,,1092700,4700
2015-11-26,,1092800,4700
2015-11-27,,1093000,4700
2015-11-28,,1093000,4700
2015-11-29,,1093100,4700
2015-11-30,,1093400,4700
2015-12-01,,1093500,4700
2015-12-02,,1093600,4700
2015-12-03,,1093700,4700
2015-12-04,,1093800,4700
2015-12-05,,1094000,4700
2015-12-06,,1094200,4700
2015-12-07,,1094400,4700
2015-12-08,,1094500,4700
2015-12-09,,1094600,4700
2015-12-10,,1094600,4700
2015-12-11,,1094700,4700
2015-12-12,,1094800,4700
2015-12-13,,1094900,4700
2015-12-14,,1094900,4700
2015-12-15,,1095100,4700
2015-12-16,,1095200,4700
2015-12-17,,1095300,4700
2015-12-18,,1095400,4700
2015-12-19,,1095600,4700
2015-12-20,,1095700,4700
2015-12-21,,1095900,4700
2015-12-22,,1096000,4700
2015-12-23,,1096300,4700
2015-12-24,,1096500,4700
2015-12-25,,1096700,4700
2015-12-26,,1096900,4700
2015-12-27,,1096900,4700
2015-12-28,,1097200,4700
2015-12-29,,1097700,4700
2015-12-30,,1097800,4700
2015-12-31,,1097900,4700
2016-01-01,,1098100,4700
2016-01-02,,1098500,4700
2016-01-03,,1098900,4700
2016-01-04,,1099000,4700
2016-01-05,,1099300,4700
2016-01-06,,1099500,4700
2016-01-07,,1099600,4700
2016-01-08,,1099900,4700
2016-01-09,,1100000,4700
2016-01-10,,1100100,4700
2016-01-11,,1100300,4700
2016-01-12,,1100300,4700
2016-01-13,,1100400,4700
2016-01-14,,1100700,4700
2016-01-15,,1100700,4700
2016-01-16,,1100800,4700
2016-01-17,,1101000,4700
2016-01-18,,1101100,4700
2016-01-19,,1101300,4700
2016-01-20,,1101400,4700
2016-01-21,,1101400,4700
2016-01-22,,1101400,4700
2016-01-23,,1101600,4700
2016-01-24,,1101900,4700
2016-01-25,,1101900,4700
2016-01-26,,1102200,4700
2016-01-27,,1102200,4700
2016-01-28,,1102500,4700
2016-01-29,,1102700,4700
2016-01-30,,1103000,4700
2016-01-31,,1103100,4700
2016-02-01,,1103300,4700
2016-02-02,,1103400,4700
2016-02-03,,1103600,4700
2016-02-04,,1103700,4700
2016-02-05,,1103700,4700
2016-02-06,,1103800,4700
2016-02-07,,1103900,4700
2016-02-08,,1104000,4700
2016-02-09,,1104000,4700
2016-02-10,,1104300,4700
2016-02-11,,1104600,4700
2016-02-12,,1104800,4700
2016-02-13,,1105200,4700
2016-02-14,,1105300,4700
2016-02-15,,1105300,4700
2016-02-16,,1105400,4700
2016-02-17,,1105400,4700
2016-02-18,,1105400,4700
2016-02-19,,1105500,4700
2016-02-20,,1105600,4700
2016-02-21,,1105800,4700
2016-02-22,,1105800,4700
2016-02-23,,1106000,4700
2016-02-24,,1106200,4700
2016-02-25,,1106200,4700
2016-02-26,,1106300,4700
2016-02-27,,1106500,4700
2016-02-28,,1106700,4700
2016-02-29,,1106800,4700
2016-03-01,,1106900,4700
2016-03-02,,1106900,4700
2016-03-03,,1107100,4700
2016-03-04,,1107200,4700
2016-03-05,,1107400,4700
2016-03-06,,1107400,4700
2016-03-07,,1107600,4700
2016-03-08,,1107600,4700
2016-03-09,,1107700,4700
2016-03-10,,1107800,4700
2016-03-11,,1107900,4700
2016-03-12,,1108000,4700
2016-03-13,,1108400,4700
2016-03-14,,1108400,4700
2016-03-15,,1108500,4700
2016-03-16,,1108700,4700
2016-03-17,,1108700,4700
2016-03-18,,1108700,4700
2016-03-19,,1109100,4700
2016-03-20,,1109600,4700
2016-03-21,,1110100,4700
2016-03-22,,1110600,4700
2016-03-23,,1110900,4700
2016-03-24,,1111100,4700
2016-03-25,,1111400,4700
2016-03-26,,1111800,4700
2016-03-27,,1111900,4700
2016-03-28,,1112100,4700
2016-03-29,,1112400,4700
2016-03-30,,1112400,4700
2016-03-31,,1112400,4700
2016-04-01,,1112700,4700
2016-04-02,,1113400,4700
2016-04-03,,1113900,4700
2016-04-04,,1113900,4700
2016-04-05,,1114200,4700
2016-04-06,,1114400,4700
2016-04-07,,1114500,4700
2016-04-08,,1114800,4700
2016-04-09,,1115000,4700
2016-04-10,,1115100,4700
2016-04-11,,1115500,4700
2016-04-12,,1115700,4700
2016-04-13,,1115900,4700
2016-04-14,,1116000,4700
2016-04-15,,1116200,4700
2016-04-16,,1116200,4700
2016-04-17,,1116500,4700
2016-04-18,,1116600,4700
2016-04-19,,1116700,4700
2016-04-20,,1116800,4700
2016-04-21,,1116900,4700
2016-04-22,,1117000,4700
2016-04-23,,1117100,4700
2016-04-24,,1117200,4700
2016-04-25,,1117300,4700
2016-04-26,,1117400,4700
2016-04-27,,1117600,4700
2016-04-28,,1117600,4700
2016-04-29,,1117700,4700
2016-04-30,,1117800,4700
2016-05-01,,1118000,4700
2016-05-02,,1118100,4700
2016-05-03,,1118100,4700
2016-05-04,,1118200,4700
2016-05-05,,1118200,4700
2016-05-06,,1118300,4700
2016-05-07,,1118400,4700
2016-05-08,,1118500,4700
2016-05-09,,1118500,4700
2016-05-10,,1118700,4700
2016-05-11,,1118700,4700
2016-05-12,,1118900,4700
2016-05-13,,1119000,4700
2016-05-14,,1119100,4700
2016-05-15,,1119400,4700
2016-05-16,,1119500,4700
2016-05-17,,1119500,4700
2016-05-18,,1119600,4700
2016-05-19,,1119600,4700
2016-05-20,,1119600,4700
2016-05-21,,1119800,4700
2016-05-22,,1120100,4700
2016-05-23,,1120200,4700
2016-05-24,,1120400,4700
2016-05-25,,1120400,4700
2016-05-26,,1120500,4700
2016-05-27,,1120600,4700
2016-05-28,,1120700,4700
2016-05-29,,1120900,4700
2016-05-30,,1120900,4700
2016-05-31,,1121100,4700
2016-06-01,,1121200,4700
2016-06-02,,1121200,4700
2016-06-03,,1121400,4700
2016-06-04,,1121800,4700
2016-06-05,,1121900,4700
2016-06-06,,1122000,4700
2016-06-07,,1122000,4700
2016-06-08,,1122000,4700
2016-06-09,,1122300,4700
2016-06-10,,1122300,4700
2016-06-11,,1122300,4700
2016-06-12,,1122400,4700
2016-06-13,,1122600,4700
2016-06-14,,1122800,4700
2016-06-15,,1122800,4700
2016-06-16,,1122900,4700
2016-06-17,,1123000,4700
2016-06-18,,1123200,4700
2016-06-19,,1123200,4700
2016-06-20,,1123400,4700
2016-06-21,,1123500,4700
2016-06-22,,1123800,4700
2016-06-23,,1123900,4700
2016-06-24,,1124000,4700
2016-06-25,,1124000,4700
2016-06-26,,1124100,4700
2016-06-27,,1124400,4700
2016-06-28,,1124400,4700
2016-06-29,,1124500,4700
2016-06-30,,1124600,4700
2016-07-01,,1124600,4700
2016-07-02,,1124700,4700
2016-07-03,,1124700,4700
2016-07-04,,1124700,4700
2016-07-05,,1124700,4700
2016-07-06,,1124900,4700
2016-07-07,,1125000,4700
2016-07-08,,1125000,4700
2016-07-09,,1125200,4700
2016-07-10,,1125300,4700
2016-07-11,,1125400,4700
2016-07-12,,1125400,4700
2016-07-13,,1125500,4700
2016-07-14,,1125500,4700
2016-07-15,,1125500,4700
2016-07-16,,1125700,4700
2016-07-17,,1125800,4700
2016-07-18,,1126100,4700
2016-07-19,,1126400,4700
2016-07-20,,1126500,4700
2016-07-21,,1126500,4700
2016-07-22,,1126600,4700
2016-07-23,,1126800,4700
2016-07-24,,1126900,4700
2016-07-25,,1127000,4700
2016-07-26,,1127100,4700
2016-07-27,,1127200,4700
2016-07-28,,1127200,4700
2016-07-29,,1127300,4700
2016-07-30,,1127500,4700
2016-07-31,,1127600,4700
2016-08-01,,1127800,4700
2016-08-02,,1127900,4700
2016-08-03,,1128000,4700
2016-08-04,,1128200,4700
2016-08-05,,1128200,4700
2016-08-06,,1128400,4700
2016-08-07,,1128500,4700
2016-08-08,,1128700,4700
2016-08-09,,1128700,4700
2016-08-10,,1128800,4700
2016-08-11,,1129000,4700
2016-08-12,,1129000,4700
2016-08-13,,1129000,4700
2016-08-14,,1129400,4700
2016-08-15,,1129400,4700
2016-08-16,,1129500,4700
2016-08-17,,1129500,4700
2016-08-18,,1129700,4700
2016-08-19,,1129700,4700
2016-08-20,,1130200,4700
2016-08-21,,1130200,4700
2016-08-22,,1130300,4700
2016-08-23,,1130400,4700
2016-08-24,,1130500,4700
2016-08-25,,1130500,4700
2016-08-26,,1130500,4700
2016-08-27,,1130800,4700
2016-08-28,,1131000,4700
2016-08-29,,1131100,4700
2016-08-30,,1131100,4700
2016-08-31,,1131100,4700
2016-09-01,,1131100,4700
2016-09-02,,1131300,4700
2016-09-03,,1131300,4700
2016-09-04,,1131400,4700
2016-09-05,,1131500,4700
2016-09-06,,1131600,4700
2016-09-07,,1131600,4700
2016-09-08,,1131700,4700
2016-09-09,,1131700,4700
2016-09-10,,1131800,4700
2016-09-11,,1132000,4700
2016-09-12,,1132100,4700
2016-09-13,,1132200,4700
2016-09-14,,1132200,4700
2016-09-15,,1132300,4700
2016-09-16,,1132400,4700
2016-09-17,,1132700,4700
2016-09-18,,1132800,4700
2016-09-19,,1132900,4700
2016-09-20,,1132900,4700
2016-09-21,,1132900,4700
2016-09-22,,1132900,4700
2016-09-23,,1133000,4700
2016-09-24,,1133100,4700
2016-09-25,,1133300,4700
2016-09-26,,1133400,4700
2016-09-27,,1133400,4700
2016-09-28,,1133400,4700
2016-09-29,,1133400,4700
2016-09-30,,1133500,4700
2016-10-01,,1133700,4700
2016-10-02,,1133700,4700
2016-10-03,,1133700,4700
2016-10-04,,1133700,4700
2016-10-05,,1133700,4700
2016-10-06,,1133700,4700
2016-10-07,,1133800,4700
2016-10-08,,1133900,4700
2016-10-09,,1134000,4700
2016-10-10,,1134100,4700
2016-10-11,,1134100,4700
2016-10-12,,1134100,4700
2016-10-13,,1134100,4700
2016-10-14,,1134200,4700
2016-10-15,,1134300,4700
2016-10-16,,1134500,4700
2016-10-17,,1134500,4700
2016-10-18,,1134500,4700
2016-10-19,,1134600,4700
2016-10-20,,1134600,4700
2016-10-21,,1134600,4700
2016-10-22,,1134700,4700
2016-10-23,,1134800,4700
2016-10-24,,1134800,4700
2016-10-25,,1134900,4700
2016-10-26,,1134900,4700
2016-10-27,,1135200,4700
2016-10-28,,1135200,4700
2016-10-29,,1135400,4700
2016-10-30,,1135400,4700
2016-10-31,,1135500,4700
2016-11-01,,1135500,4700
2016-11-02,,1135500,4700
2016-11-03,,1135700,4700
2016-11-04,,1135800,4700
2016-11-05,,1136000,4700
2016-11-06,,1136100,4700
2016-11-07,,1136100,4700
2016-11-08,,1136200,4700
2016-11-09,,1136200,4700
2016-11-10,,1136500,4700
2016-11-11,,1136600,4700
2016-11-12,,1136700,4700
2016-11-13,,1137000,4700
2016-11-14,,1137000,4700
2016-11-15,,1137100,4700
2016-11-16,,1137400,4700
2016-11-17,,1137500,4700
2016-11-18,,1137600,4700
2016-11-19,,1137800,4700
2016-11-20,,1137900,4700
2016-11-21,,1137900,4700
2016-11-22,,1137900,4700
2016-11-23,,1137900,4700
2016-11-24,,1138000,4700
2016-11-25,,1138000,4700
2016-11-26,,1138000,4700
2016-11-27,,1138000,4700
2016-11-28,,1138100,4700
2016-11-29,,1138200,4700
2016-11-30,,1138200,4700
2016-12-01,,1138400,4700
2016-12-02,,1138600,4700
2016-12-03,,1138600,4700
2016-12-04,,1138700,4700
2016-12-05,,1138700,4700
2016-12-06,,1138700,4700
2016-12-07,,1138800,4700
2016-12-08,,1138900,4700
2016-12-09,,1138900,4700
2016-12-10,,1139100,4700
2016-12-11,,1139200,4700
2016-12-12,,1139200,4700
2016-12-13,,1139200,4700
2016-12-14,,1139300,4700
2016-12-15,,1139300,4700
2016-12-16,,1139500,4700
2016-12-17,,1139500,4700
2016-12-18,,1139500,4700
2016-12-19,,1139600,4700
2016-12-20,,1139700,4700
2016-12-21,,1139800,4700
2016-12-22,,1140000,4700
2016-12-23,,1140000,4700
2016-12-24,,1140000,4700
2016-12-25,,1140300,4700
2016-12-26,,1140400,4700
2016-12-27,,1140400,4700
2016-12-28,,1140600,4700
2016-12-29,,1140700,4700
2016-12-30,,1140800,4700
2016-12-31,,1140900,4700
2017-01-01,,1140900,4700
2017-01-02,,1140900,4700
2017-01-03,,1141100,4700
2017-01-04,,1141100,4700
2017-01-05,,1141200,4700
2017-01-06,,1141300,4700
2017-01-07,,1141300,4700
2017-01-08,,1141500,4700
2017-01-09,,1141700,4700
2017-01-10,,1141700,4700
2017-01-11,,1141700,4700
2017-01-12,,1141800,4700
2017-01-13,,1141800,4700
2017-01-14,,1142100,4700
2017-01-15,,1142200,4700
2017-01-16,,1142400,4700
2017-01-17,,1142500,4700
2017-01-18,,1142700,4700
2017-01-19,,1142700,4700
2017-01-20,,1142800,4700
2017-01-21,,1142800,4700
2017-01-22,,1143000,4700
2017-01-23,,1143000,4700
2017-01-24,,1143100,4700
2017-01-25,,1143200,4700
2017-01-26,,1143200,4700
2017-01-27,,1143300,4700
2017-01-28,,1143300,4700
2017-01-29,,1143600,4700
2017-01-30,,1143700,4700
2017-01-31,,1143800,4700
2017-02-01,,1143900,4700
2017-02-02,,1144000,4700
2017-02-03,,1144000,4700
2017-02-04,,1144100,4700
2017-02-05,,1144400,4700
2017-02-06,,1144400,4700
2017-02-07,,1144500,4700
2017-02-08,,1144700,4700
2017-02-09,,1144900,4700
2017-02-10,,1144900,4700
2017-02-11,,1145000,4700
2017-02-12,,1145100,4700
2017-02-13,,1145300,4700
2017-02-14,,1145400,4700
2017-02-15,,1145500,4700
2017-02-16,,1145600,4700
2017-02-17,,1145900,4700
2017-02-18,,1146200,4700
2017-02-19,,1146400,4700
2017-02-20,,1146600,4700
2017-02-21,,1146800,4700
2017-02-22,,1146900,4700
2017-02-23,,1147000,4700
2017-02-24,,1147000,4700
2017-02-25,,1147200,4700
2017-02-26,,1147300,4700
2017-02-27,,1147300,4700
2017-02-28,,1147300,4700
2017-03-01,,1147500,4700
2017-03-02,,1147600,4700
2017-03-03,,1147700,4700
2017-03-04,,1147700,4700
2017-03-05,,1148000,4700
2017-03-06,,1148100,4700
2017-03-07,,1148300,4700
2017-03-08,,1148300,4700
2017-03-09,,1148300,4700
2017-03-10,,1148400,4700
2017-03-11,,1148500,4700
2017-03-12,,1148600,4700
2017-03-13,,1148600,4700
2017-03-14,,1148600,4700
2017-03-15,,1148600,4700
2017-03-16,,1148700,4700
2017-03-17,,1148700,4700
2017-03-18,,1148900,4700
2017-03-19,,1149000,4700
2017-03-20,,1149100,4700
2017-03-21,,1149100,4700
2017-03-22,,1149200,4700
2017-03-23,,1149300,4700
2017-03-24,,1149400,4700
2017-03-25,,1149500,4700
2017-03-26,,1149700,4700
2017-03-27,,1149700,4700
2017-03-28,,1149700,4700
2017-03-29,,1149700,4700
2017-03-30,,1149800,4700
2017-03-31,,1149900,4700
2017-04-01,,1150000,4700
2017-04-02,,1150100,4700
2017-04-03,,1150100,4700
2017-04-04,,1150200,4700
2017-04-05,,1150300,4700
2017-04-06,,1150300,4700
2017-04-07,,1150300,4700
2017-04-08,,1150500,4700
2017-04-09,,1150500,4700
2017-04-10,,1150500,4700
2017-04-11,,1150600,4700
2017-04-12,,1150600,4700
2017-04-13,,1150700,4700
2017-04-14,,1150900,4700
2017-04-15,,1150900,4700
2017-04-16,,1151000,4700
2017-04-17,,1151100,4700
2017-04-18,,1151100,4700
2017-04-19,,1151100,4700
2017-04-20,,1151100,4700
2017-04-21,,1151200,4700
2017-04-22,,1151200,4700
2017-04-23,,1151400,4700
2017-04-24,,1151400,4700
2017-04-25,,1151700,4700
2017-04-26,,1151700,4700
2017-04-27,,1151700,4700
2017-04-28,,1151800,4700
2017-04-29,,1151900,4700
2017-04-30,,1152000,4700
2017-05-01,,1152200,4700
2017-05-02,,1152200,4700
2017-05-03,,1152200,4700
2017-05-04,,1152300,4700
2017-05-05,,1152400,4700
2017-05-06,,1152600,4700
2017-05-07,,1152800,4700
2017-05-08,,1153000,4700
2017-05-09,,1153000,4700
2017-05-10,,1153200,4700
2017-05-11,,1153200,4700
2017-05-12,,1153200,4700
2017-05-13,,1153300,4700
2017-05-14,,1153400,4700
2017-05-15,,1153400,4700
2017-05-16,,1153500,4700
2017-05-17,,1153600,4700
2017-05-18,,1153600,4700
2017-05-19,,1153900,4700
2017-05-20,,1154100,4700
2017-05-21,,1154200,4700
2017-05-22,,1154400,4700
2017-05-23,,1154600,4700
2017-05-24,,1154600,4700
2017-05-25,,1154600,4700
2017-05-26,,1154600,4700
2017-05-27,,1154700,4700
2017-05-28,,1154900,4700
2017-05-29,,1154900,4700
2017-05-30,,1154900,4700
2017-05-31,,1155100,4700
2017-06-01,,1155200,4700
2017-06-02,,1155300,4700
2017-06-03,,1155300,4700
2017-06-04,,1155400,4700
2017-06-05,,1155600,4700
2017-06-06,,1155600,4700
2017-06-07,,1155700,4700
2017-06-08,,1155800,4700
2017-06-09,,1155800,4700
2017-06-10,,1155900,4700
2017-06-11,,1156000,4700
2017-06-12,,1156000,4700
2017-06-13,,1156100,4700
2017-06-14,,1156100,4700
2017-06-15,,1156100,4700
2017-06-16,,1156100,4700
2017-06-17,,1156200,4700
2017-06-18,,1156200,4700
2017-06-19,,1156200,4700
2017-06-20,,1156200,4700
2017-06-21,,1156200,4700
2017-06-22,,1156300,4700
2017-06-23,,1156300,4700
2017-06-24,,1156700,4700
2017-06-25,,1157100,4700
2017-06-26,,1157200,4700
2017-06-27,,1157300,4700
2017-06-28,,1157500,4700
2017-06-29,,1157600,4700
2017-06-30,,1157800,4700
2017-07-01,,1158100,4700
2017-07-02,,1158500,4700
2017-07-03,,1158700,4700
2017-07-04,,1158800,4700
2017-07-05,,1159000,4700
2017-07-06,,1159000,4700
2017-07-07,,1159000,4700
2017-07-08,,1159100,4700
2017-07-09,,1159200,4700
2017-07-10,,1159300,4700
2017-07-11,,1159500,4700
2017-07-12,,1159700,4700
2017-07-13,,1159800,4700
2017-07-14,,1159900,4700
2017-07-15,,1159900,4700
2017-07-16,,1159900,4700
2017-07-17,,1160100,4700
2017-07-18,,1160100,4700
2017-07-19,,1160200,4700
2017-07-20,,1160200,4700
2017-07-21,,1160200,4700
2017-07-22,,1160300,4700
2017-07-23,,1160400,4700
2017-07-24,,1160400,4700
2017-07-25,,1160500,4700
2017-07-26,,1160500,4700
2017-07-27,,1160600,4700
2017-07-28,,1160700,4700
2017-07-29,,1160700,4700
2017-07-30,,1160700,4700
2017-07-31,,1160900,4700
2017-08-01,,1160900,4700
2017-08-02,,1160900,4700
2017-08-03,,1160900,4700
2017-08-04,,1160900,4700
2017-08-05,,1161000,4700
2017-08-06,,1161200,4700
2017-08-07,,1161200,4700
2017-08-08,,1161200,4700
2017-08-09,,1161300,4700
2017-08-10,,1161400,4700
2017-08-11,,1161400,4700
2017-08-12,,1161600,4700
2017-08-13,,1161600,4700
2017-08-14,,1161700,4700
2017-08-15,,1161900,4700
2017-08-16,,1161900,4700
2017-08-17,,1162100,4700
2017-08-18,,1162100,4700
2017-08-19,,1162100,4700
2017-08-20,,1162200,4700
2017-08-21,,1162300,4700
2017-08-22,,1162300,4700
2017-08-23,,1162300,4700
2017-08-24,,1162400,4700
2017-08-25,,1162400,4700
2017-08-26,,1162600,4700
2017-08-27,,1162600,4700
2017-08-28,,1162600,4700
2017-08-29,,1162600,4700
2017-08-30,,1162700,4700
2017-08-31,,1162700,4700
2017-09-01,,1162700,4700
2017-09-02,,1162800,4700
2017-09-03,,1162800,4700
2017-09-04,,1162900,4700
2017-09-05,,1162900,4700
2017-09-06,,1162900,4700
2017-09-07,,1163100,4700
2017-09-08,,1163100,4700
2017-09-09,,1163200,4700
2017-09-10,,1163400,4700
2017-09-11,,1163400,4700
2017-09-12,,1163400,4700
2017-09-13,,1163500,4700
2017-09-14,,1163600,4700
2017-09-15,,1163700,4700
2017-09-16,,1163700,4700
2017-09-17,,1163900,4700
2017-09-18,,1164000,4700
2017-09-19,,1164100,4700
2017-09-20,,1164200,4700
2017-09-21,,1164300,4700
2017-09-22,,1164300,4700
2017-09-23,,1164300,4700
2017-09-24,,1164400,4700
2017-09-25,,1164500,4700
2017-09-26,,1164500,4700
2017-09-27,,1164500,4700
2017-09-28,,1164500,4700
2017-09-29,,1164500,4700
2017-09-30,,1164500,4700
2017-10-01,,1164500,4700
2017-10-02,,1164600,4700
2017-10-03,,1164600,4700
2017-10-04,,1164600,4700
2017-10-05,,1164700,4700
2017-10-06,,1164700,4700
2017-10-07,,1164700,4700
2017-10-08,,1164800,4700
2017-10-09,,1164800,4700
2017-10-10,,1164800,4700
2017-10-11,,1164900,4700
2017-10-12,,1164900,4700
2017-10-13,,1164900,4700
2017-10-14,,1165100,4700
2017-10-15,,1165100,4700
2017-10-16,,1165100,4700
2017-10-17,,1165100,4700
2017-10-18,,1165200,4700
2017-10-19,,1165400,4700
2017-10-20,,1165500,4700
2017-10-21,,1165500,4700
2017-10-22,,1165600,4700
2017-10-23,,1165700,4700
2017-10-24,,1165800,4700
2017-10-25,,1165800,4700
2017-10-26,,1165800,4700
2017-10-27,,1166000,4700
2017-10-28,,1166100,4700
2017-10-29,,1166300,4700
2017-10-30,,1166300,4700
2017-10-31,,1166300,4700
2017-11-01,,1166300,4700
2017-11-02,,1166300,4700
2017-11-03,,1166300,4700
2017-11-04,,1166400,4700
2017-11-05,,1166500,4700
2017-11-06,,1166600,4700
2017-11-07,,1166600,4700
2017-11-08,,1166700,4700
2017-11-09,,1166800,4700
2017-11-10,,1166900,4700
2017-11-11,,1167000,4700
2017-11-12,,1167300,4700
2017-11-13,,1167300,4700
2017-11-14,,1167300,4700
2017-11-15,,1167300,4700
2017-11-16,,1167300,4700
2017-11-17,,1167400,4700
2017-11-18,,1167600,4700
2017-11-19,,1167800,4700
2017-11-20,,1167800,4700
2017-11-21,,1167900,4700
2017-11-22,,1168000,4700
2017-11-23,,1168000,4700
2017-11-24,,1168300,4700
2017-11-25,,1168800,4700
2017-11-26,,1168800,4700
2017-11-27,,1168900,4700
2017-11-28,,1168900,4700
2017-11-29,,1169000,4700
2017-11-30,,1169000,4700
2017-12-01,,1169000,4700
2017-12-02,,1169100,4700
2017-12-03,,1169200,4700
2017-12-04,,1169200,4700
2017-12-05,,1169200,4700
2017-12-06,,1169300,4700
2017-12-07,,1169400,4700
2017-12-08,,1169500,4700
2017-12-09,,1169500,4700
2017-12-10,,1169700,4700
2017-12-11,,1169700,4700
2017-12-12,,1169800,4700
2017-12-13,,1169800,4700
2017-12-14,,1169800,4700
2017-12-15,,1169800,4700
2017-12-16,,1169900,4700
2017-12-17,,1169900,4700
2017-12-18,,1170100,4700
2017-12-19,,1170200,4700
2017-12-20,,1170300,4700
2017-12-21,,1170400,4700
2017-12-22,,1170500,4700
2017-12-23,,1170600,4700
2017-12-24,,1170600,4700
2017-12-25,,1170600,4700
2017-12-26,,1170800,4700
2017-12-27,,1170800,4700
2017-12-28,,1170900,4700
2017-12-29,,1171100,4700
2017-12-30,,1171200,4700
2017-12-31,,1171300,4700
2018-01-01,,1171300,4700
2018-01-02,,1171400,4700
2018-01-03,,1171500,4700
2018-01-04,,1171500,4700
2018-01-05,,1171700,4700
2018-01-06,,1171900,4700
2018-01-07,,1171900,4700
2018-01-08,,1171900,4700
2018-01-09,,1172000,4700
2018-01-10,,1172000,4700
2018-01-11,,1172200,4700
2018-01-12,,1172200,4700
2018-01-13,,1172200,4700
2018-01-14,,1172200,4700
2018-01-15,,1172300,4700
2018-01-16,,1172300,4700
2018-01-17,,1172300,4700
2018-01-18,,1172400,4700
2018-01-19,,1172400,4700
2018-01-20,,1172400,4700
2018-01-21,,1172600,4700
2018-01-22,,1172600,4700
2018-01-23,,1172700,4700
2018-01-24,,1172800,4700
2018-01-25,,1172800,4700
2018-01-26,,1172900,4700
2018-01-27,,1172900,4700
2018-01-28,,1172900,4700
2018-01-29,,1173000,4700
2018-01-30,,1173000,4700
2018-01-31,,1173100,4700
2018-02-01,,1173100,4700
2018-02-02,,1173200,4700
2018-02-03,,1173200,4700
2018-02-04,,1173200,4700
2018-02-05,,1173200,4700
2018-02-06,,1173300,4700
2018-02-07,,1173500,4700
2018-02-08,,1173600,4700
2018-02-09,,1173800,4700
2018-02-10,,1174000,4700
2018-02-11,,1174100,4700
2018-02-12,,1174200,4700
2018-02-13,,1174400,4700
2018-02-14,,1174500,4700
2018-02-15,,1174500,4700
2018-02-16,,1174500,4700
2018-02-17,,1174800,4700
2018-02-18,,1175000,4700
2018-02-19,,1175000,4700
2018-02-20,,1175000,4700
2018-02-21,,1175100,4700
2018-02-22,,1175300,4700
2018-02-23,,1175300,4700
2018-02-24,,1175300,4700
2018-02-25,,1175300,4700
2018-02-26,,1175400,4700
2018-02-27,,1175500,4700
2018-02-28,,1175500,4700
2018-03-01,,1175500,4700
2018-03-02,,1175600,4700
2018-03-03,,1175700,4700
2018-03-04,,1175800,4700
2018-03-05,,1175900,4700
2018-03-06,,1176000,4700
2018-03-07,,1176100,4700
2018-03-08,,1176200,4700
2018-03-09,,1176400,4700
2018-03-10,,1176400,4700
2018-03-11,,1176500,4700
2018-03-12,,1176500,4700
2018-03-13,,1176700,4700
2018-03-14,,1176900,4700
2018-03-15,,1176900,4700
2018-03-16,,1177000,4700
2018-03-17,,1177200,4700
2018-03-18,,1177200,4700
2018-03-19,,1177200,4700
2018-03-20,,1177200,4700
2018-03-21,,1177200,4700
2018-03-22,,1177300,4700
2018-03-23,,1177400,4700
2018-03-24,,1177500,4700
2018-03-25,,1177600,4700
2018-03-26,,1177600,4700
2018-03-27,,1177700,4700
2018-03-28,,1177900,4700
2018-03-29,,1177900,4700
2018-03-30,,1178000,4700
2018-03-31,,1178000,4700
2018-04-01,,1178100,4700
2018-04-02,,1178200,4700
2018-04-03,,1178200,4700
2018-04-04,,1178300,4700
2018-04-05,,1178500,4700
2018-04-06,,1178500,4700
2018-04-07,,1178600,4700
2018-04-08,,1178900,4700
2018-04-09,,1178900,4700
2018-04-10,,1178900,4700
2018-04-11,,1178900,4700
2018-04-12,,1179000,4700
2018-04-13,,1179100,4700
2018-04-14,,1179200,4700
2018-04-15,,1179300,4700
2018-04-16,,1179400,4700
2018-04-17,,1179400,4700
2018-04-18,,1179400,4700
2018-04-19,,1179400,4700
2018-04-20,,1179600,4700
2018-04-21,,1179800,4700
2018-04-22,,1179800,4700
2018-04-23,,1179800,4700
2018-04-24,,1180000,4700
2018-04-25,,1180000,4700
2018-04-26,,1180100,4700
2018-04-27,,1180100,4700
2018-04-28,,1180200,4700
2018-04-29,,1180300,4700
2018-04-30,,1180300,4700
2018-05-01,,1180400,4700
2018-05-02,,1180400,4700
2018-05-03,,1180400,4700
2018-05-04,,1180400,4700
2018-05-05,,1180500,4700
2018-05-06,,1180700,4700
2018-05-07,,1180700,4700
2018-05-08,,1180700,4700
2018-05-09,,1180700,4700
2018-05-10,,1180800,4700
2018-05-11,,1180800,4700
2018-05-12,,1180800,4700
2018-05-13,,1180900,4700
2018-05-14,,1180900,4700
2018-05-15,,1180900,4700
2018-05-16,,1181100,4700
2018-05-17,,1181200,4700
2018-05-18,,1181200,4700
2018-05-19,,1181200,4700
2018-05-20,,1181300,4700
2018-05-21,,1181400,4700
2018-05-22,,1181400,4700
2018-05-23,,1181400,4700
2018-05-24,,1181500,4700
2018-05-25,,1181600,4700
2018-05-26,,1181600,4700
2018-05-27,,1181700,4700
2018-05-28,,1181800,4700
2018-05-29,,1181800,4700
2018-05-30,,1182000,4700
2018-05-31,,1182000,4700
2018-06-01,,1182200,4700
2018-06-02,,1182200,4700
2018-06-03,,1182200,4700
2018-06-04,,1182400,4700
2018-06-05,,1182400,4700
2018-06-06,,1182400,4700
2018-06-07,,1182400,4700
2018-06-08,,1182400,4700
2018-06-09,,1182500,4700
2018-06-10,,1182500,4700
2018-06-11,,1182500,4700
2018-06-12,,1182500,4700
2018-06-13,,1182700,4700
2018-06-14,,1182700,4700
2018-06-15,,1182700,4700
2018-06-16,,1182800,4700
2018-06-17,,1182900,4700
2018-06-18,,1182900,4700
2018-06-19,,1182900,4700
2018-06-20,,1182900,4700
2018-06-21,,1182900,4700
2018-06-22,,1182900,4700
2018-06-23,,1182900,4700
2018-06-24,,1183000,4700
2018-06-25,,1183000,4700
2018-06-26,,1183100,4700
2018-06-27,,1183200,4700
2018-06-28,,1183200,4700
2018-06-29,,1183300,4700
2018-06-30,,1183400,4700
2018-07-01,,1183500,4700
2018-07-02,,1183500,6600
2018-07-03,,1183600,6700
2018-07-04,,1183700,6700
2018-07-05,,1183700,6900
2018-07-06,,1183900,7100
2018-07-07,,1183900,7100
2018-07-08,,1183900,7100
2018-07-09,,1183900,7200
2018-07-10,,1183900,7200
2018-07-11,,1183900,7200
2018-07-12,,1183900,7200
2018-07-13,,1184000,7200
2018-07-14,,1184000,7200
2018-07-15,,1184200,7200
2018-07-16,,1184200,7200
2018-07-17,,1184300,7200
2018-07-18,,1184300,7200
2018-07-19,,1184400,7200
2018-07-20,,1184500,7200
2018-07-21,,1184500,7200
2018-07-22,,1184600,7200
2018-07-23,,1184600,7200
2018-07-24,,1184600,7300
2018-07-25,,1184600,7300
2018-07-26,,1184600,7300
2018-07-27,,1184600,7400
2018-07-28,,1184600,7400
2018-07-29,,1184800,7400
2018-07-30,,1184800,7500
2018-07-31,,1184800,7500
2018-08-01,,1184900,7600
2018-08-02,,1184900,7600
2018-08-03,,1184900,7600
2018-08-04,,1185000,7600
2018-08-05,,1185100,7600
2018-08-06,,1185200,7700
2018-08-07,,1185200,7700
2018-08-08,,1185200,7700
2018-08-09,,1185200,7700
2018-08-10,,1185200,7700
2018-08-11,,1185200,7700
2018-08-12,,1185400,7700
2018-08-13,,1185400,7700
2018-08-14,,1185400,7700
2018-08-15,,1185500,7700
2018-08-16,,1185500,7700
2018-08-17,,1185500,7700
2018-08-18,,1185600,7700
2018-08-19,,1185600,7700
2018-08-20,,1185600,7700
2018-08-21,,1185600,7700
2018-08-22,,1185700,7800
2018-08-23,,1185800,7800
2018-08-24,,1185800,7800
2018-08-25,,1186000,7800
2018-08-26,,1186200,7800
2018-08-27,,1186200,7900
2018-08-28,,1186200,7900
2018-08-29,,1186200,7900
2018-08-30,,1186300,8000
2018-08-31,,1186300,8000
2018-09-01,,1186300,8000
2018-09-02,,1186400,8000
2018-09-03,,1186400,8000
2018-09-04,,1186500,8000
2018-09-05,,1186500,8000
2018-09-06,,1186500,8000
2018-09-07,,1186500,8000
2018-09-08,,1186600,8000
2018-09-09,,1186700,8000
2018-09-10,,1186700,8000
2018-09-11,,1186800,8100
2018-09-12,,1186800,8100
2018-09-13,,1186800,8100
2018-09-14,,1186800,8100
2018-09-15,,1186800,8100
2018-09-16,,1186900,8100
2018-09-17,,1186900,8200
2018-09-18,,1186900,8200
2018-09-19,,1186900,8200
2018-09-20,,1186900,8300
2018-09-21,,1186900,8300
2018-09-22,,1187000,8300
2018-09-23,,1187200,8300
2018-09-24,,1187200,8300
2018-09-25,,1187400,8300
2018-09-26,,1187400,8300
2018-09-27,,1187500,8300
2018-09-28,,1187600,8300
2018-09-29,,1187600,8300
2018-09-30,,1187700,8300
2018-10-01,,1187700,8300
2018-10-02,,1187700,8300
2018-10-03,,1187700,8300
2018-10-04,,1187700,8300
2018-10-05,,1187700,8300
2018-10-06,,1187700,8300
2018-10-07,,1187800,8300
2018-10-08,,1187900,8300
2018-10-09,,1188000,8300
2018-10-10,,1188100,8300
2018-10-11,,1188100,8300
2018-10-12,,1188200,8300
2018-10-13,,1188200,8300
2018-10-14,,1188300,8300
2018-10-15,,1188300,8300
2018-10-16,,1188300,8300
2018-10-17,,1188300,8300
2018-10-18,,1188400,8300
2018-10-19,,1188400,8300
2018-10-20,,1188400,8300
2018-10-21,,1188400,8300
2018-10-22,,1188500,8300
2018-10-23,,1188500,8300
2018-10-24,,1188500,8300
2018-10-25,,1188600,8300
2018-10-26,,1188600,8300
2018-10-27,,1188600,8300
2018-10-28,,1188600,8300
2018-10-29,,1188600,8300
2018-10-30,,1188600,8300
2018-10-31,,1188600,8300
2018-11-01,,1188700,8300
2018-11-02,,1188700,8300
2018-11-03,,1188800,8300
2018-11-04,,1188900,8300
2018-11-05,,1188900,8400
2018-11-06,,1189000,8400
2018-11-07,,1189100,8400
2018-11-08,,1189200,8400
2018-11-09,,1189200,8400
2018-11-10,,1189200,8400
2018-11-11,,1189200,8400
2018-11-12,,1189200,8400
2018-11-13,,1189200,8400
2018-11-14,,1189200,8400
2018-11-15,,1189200,8400
2018-11-16,,1189300,8400
2018-11-17,,1189300,8400
2018-11-18,,1189400,8400
2018-11-19,,1189400,8400
2018-11-20,,1189500,8400
2018-11-21,,1189600,8400
2018-11-22,,1189600,8400
2018-11-23,,1189600,8500
2018-11-24,,1189600,8500
2018-11-25,,1189600,8500
2018-11-26,,1189600,8500
2018-11-27,,1189600,8500
2018-11-28,,1189800,8500
2018-11-29,,1189800,8500
2018-11-30,,1189800,8500
2018-12-01,,1189800,8500
2018-12-02,,1189900,8500
2018-12-03,,1189900,8500
2018-12-04,,1189900,8500
2018-12-05,,1189900,8500
2018-12-06,,1189900,8500
2018-12-07,,1189900,8500
2018-12-08,,1189900,8500
2018-12-09,,1189900,8500
2018-12-10,,1189900,8500
2018-12-11,,1189900,8500
2018-12-12,,1190000,8500
2018-12-13,,1190000,8500
2018-12-14,,1190000,8500
2018-12-15,,1190000,8500
2018-12-16,,1190100,8500
2018-12-17,,1190100,8500
2018-12-18,,1190100,8500
2018-12-19,,1190100,8500
2018-12-20,,1190200,8500
2018-12-21,,1190200,8500
2018-12-22,,1190200,8500
2018-12-23,,1190200,8500
2018-12-24,,1190200,8500
2018-12-25,,1190200,8500
2018-12-26,,1190300,8500
2018-12-27,,1190400,8500
2018-12-28,,1190500,8500
2018-12-29,,1190600,8500
2018-12-30,,1190600,8500
2018-12-31,,1190700,8500
2019-01-01,,1190700,8500
2019-01-02,,1190700,8500
2019-01-03,,1190700,8500
2019-01-04,,1190700,8500
2019-01-05,,1190700,8500
2019-01-06,,1190700,8500
2019-01-07,,1190700,8500
2019-01-08,,1190800,8500
2019-01-09,,1190900,8500
2019-01-10,,1190900,8500
2019-01-11,,1190900,8500
2019-01-12,,1190900,8600
2019-01-13,,1191000,8600
2019-01-14,,1191000,8600
2019-01-15,,1191000,8600
2019-01-16,,1191100,8600
2019-01-17,,1191100,8600
2019-01-18,,1191100,8600
2019-01-19,,1191400,8600
2019-01-20,,1191500,8600
2019-01-21,,1191500,8600
2019-01-22,,1191500,8600
2019-01-23,,1191500,8600
2019-01-24,,1191700,8600
2019-01-25,,1191900,8600
2019-01-26,,1192100,8600
2019-01-27,,1192100,8600
2019-01-28,,1192200,8600
2019-01-29,,1192400,8600
2019-01-30,,1192400,8600
2019-01-31,,1192400,8600
2019-02-01,,1192500,8600
2019-02-02,,1192600,8600
2019-02-03,,1192600,8600
2019-02-04,,1192600,8600
2019-02-05,,1192600,8600
2019-02-06,,1192700,8600
2019-02-07,,1192700,8600
2019-02-08,,1192700,8600
2019-02-09,,1192800,8600
2019-02-10,,1192900,8600
2019-02-11,,1192900,8600
2019-02-12,,1192900,8600
2019-02-13,,1192900,8600
2019-02-14,,1193000,8600
2019-02-15,,1193000,8600
2019-02-16,,1193000,8600
2019-02-17,,1193000,8600
2019-02-18,,1193000,8600
2019-02-19,,1193000,8700
2019-02-20,,1193000,8700
2019-02-21,,1193000,8700
2019-02-22,,1193000,8700
2019-02-23,,1193000,8700
2019-02-24,,1193000,8700
2019-02-25,,1193000,8700
2019-02-26,,1193000,8700
2019-02-27,,1193000,8700
2019-02-28,,1193100,8700
2019-03-01,,1193100,8700
2019-03-02,,1193100,8700
2019-03-03,,1193100,8700
2019-03-04,,1193100,8700
2019-03-05,,1193100,8700
2019-03-06,,1193100,8700
2019-03-07,,1193100,8700
2019-03-08,,1193100,8700
2019-03-09,,1193300,8700
2019-03-10,,1193300,8700
2019-03-11,,1193300,8700
2019-03-12,,1193300,8700
2019-03-13,,1193400,8700
2019-03-14,,1193400,8700
2019-03-15,,1193500,8700
2019-03-16,,1193600,8700
2019-03-17,,1193700,8700
2019-03-18,,1193700,8700
2019-03-19,,1193700,8700
2019-03-20,,1193800,8700
2019-03-21,,1193900,8700
2019-03-22,,1193900,8700
2019-03-23,,1193900,8700
2019-03-24,,1194000,8700
2019-03-25,,1194000,8700
2019-03-26,,1194000,8700
2019-03-27,,1194000,8700
2019-03-28,,1194000,8700
2019-03-29,,1194200,8700
2019-03-30,,1194200,8700
2019-03-31,,1194300,8700
2019-04-01,,1194300,8700
2019-04-02,,1194300,8700
2019-04-03,,1194400,8700
2019-04-04,,1194400,8700
2019-04-05,,1194500,8700
2019-04-06,,1194700,8700
2019-04-07,,1194700,8700
2019-04-08,,1194700,8700
2019-04-09,,1194700,8700
2019-04-10,,1194700,8700
2019-04-11,,1194700,8800
2019-04-12,,1194700,8800
2019-04-13,,1194800,8800
2019-04-14,,1194800,8800
2019-04-15,,1194800,8800
2019-04-16,,1194900,8800
2019-04-17,,1194900,8800
2019-04-18,,1194900,8800
2019-04-19,,1194900,8800
2019-04-20,,1195000,8800
2019-04-21,,1195100,8800
2019-04-22,,1195100,8800
2019-04-23,,1195100,8800
2019-04-24,,1195100,8800
2019-04-25,,1195100,8800
2019-04-26,,1195100,8800
2019-04-27,,1195100,8800
2019-04-28,,1195100,8800
2019-04-29,,1195100,8800
2019-04-30,,1195100,8800
2019-05-01,,1195100,8800
2019-05-02,,1195200,8800
2019-05-03,,1195200,8800
2019-05-04,,1195200,8800
2019-05-05,,1195200,8800
2019-05-06,,1195300,8800
2019-05-07,,1195300,8800
2019-05-08,,1195300,8800
2019-05-09,,1195300,8800
2019-05-10,,1195300,8800
2019-05-11,,1195300,8800
2019-05-12,,1195500,8800
2019-05-13,,1195500,8800
2019-05-14,,1195600,8800
2019-05-15,,1195600,8800
2019-05-16,,1195600,8800
2019-05-17,,1195600,8800
2019-05-18,,1195600,8800
2019-05-19,,1195600,8900
2019-05-20,,1195700,8900
2019-05-21,,1195800,8900
2019-05-22,,1195800,8900
2019-05-23,,1195800,8900
2019-05-24,,1195800,8900
2019-05-25,,1195800,8900
2019-05-26,,1195900,8900
2019-05-27,,1196000,8900
2019-05-28,,1196000,8900
2019-05-29,,1196000,8900
2019-05-30,,1196000,8900
2019-05-31,,1196000,8900
2019-06-01,,1196100,8900
2019-06-02,,1196100,8900
2019-06-03,,1196100,8900
2019-06-04,,1196200,8900
2019-06-05,,1196200,8900
2019-06-06,,1196200,8900
2019-06-07,,1196200,8900
2019-06-08,,1196200,8900
2019-06-09,,1196300,8900
2019-06-10,,1196400,8900
2019-06-11,,1196400,8900
2019-06-12,,1196400,8900
2019-06-13,,1196400,8900
2019-06-14,,1196400,8900
2019-06-15,,1196500,9000
2019-06-16,,1196500,9000
2019-06-17,,1196500,9000
2019-06-18,,1196500,9000
2019-06-19,,1196600,9000
2019-06-20,,1196600,9000
2019-06-21,,1196600,9000
2019-06-22,,1196700,9000
2019-06-23,,1196700,9000
2019-06-24,,1196700,9000
2019-06-25,,1196700,9000
2019-06-26,,1196800,9000
2019-06-27,,1196800,9000
2019-06-28,,1196900,9000
2019-06-29,,1196900,9000
2019-06-30,,1197100,9000
2019-07-01,,1197200,9000
2019-07-02,,1197300,9000
2019-07-03,,1197300,9000
2019-07-04,,1197300,9100
2019-07-05,,1197300,9100
2019-07-06,,1197300,9100
2019-07-07,,1197300,9100
2019-07-08,,1197300,9100
2019-07-09,,1197300,9100
2019-07-10,,1197600,9100
2019-07-11,,1197700,9100
2019-07-12,,1197900,9100
2019-07-13,,1198100,9100
2019-07-14,,1198300,9100
2019-07-15,,1198400,9100
2019-07-16,,1198500,9100
2019-07-17,,1198500,9100
2019-07-18,,1198600,9200
2019-07-19,,1198600,9200
2019-07-20,,1198600,9200
2019-07-21,,1198800,9200
2019-07-22,,1198800,9200
2019-07-23,,1199000,9200
2019-07-24,,1199000,9200
2019-07-25,,1199000,9200
2019-07-26,,1199000,9200
2019-07-27,,1199100,9200
2019-07-28,,1199100,9200
2019-07-29,,1199100,9200
2019-07-30,,1199100,9200
2019-07-31,,1199100,9200
2019-08-01,,1199100,9200
2019-08-02,,1199200,9200
2019-08-03,,1199200,9200
2019-08-04,,1199300,9200
2019-08-05,,1199300,9200
2019-08-06,,1199400,9200
2019-08-07,,1199400,9200
2019-08-08,,1199400,9200
2019-08-09,,1199400,9200
2019-08-10,,1199400,9200
2019-08-11,,1199400,9200
2019-08-12,,1199400,9200
2019-08-13,,1199400,9200
2019-08-14,,1199400,9200
2019-08-15,,1199400,9200
2019-08-16,,1199600,9200
2019-08-17,,1199700,9200
2019-08-18,,1199900,9200
2019-08-19,,1199900,9200
2019-08-20,,1200000,9200
2019-08-21,,1200100,9200
2019-08-22,,1200200,9200
2019-08-23,,1200200,9200
2019-08-24,,1200300,9200
2019-08-25,,1200300,9200
2019-08-26,,1200300,9200
2019-08-27,,1200300,9200
2019-08-28,,1200400,9200
2019-08-29,,1200400,9200
2019-08-30,,1200400,9200
2019-08-31,,1200400,9200
2019-09-01,,1200400,9200
2019-09-02,,1200500,9200
2019-09-03,,1200500,9200
2019-09-04,,1200500,9200
2019-09-05,,1200500,9200
2019-09-06,,1200500,9200
2019-09-07,,1200600,9200
2019-09-08,,1200700,9200
2019-09-09,,1200700,9200
2019-09-10,,1200700,9200
2019-09-11,,1200700,9200
2019-09-12,,1200700,9200
2019-09-13,,1200700,9200
2019-09-14,,1200700,9200
2019-09-15,,1200700,9200
2019-09-16,,1200700,9200
2019-09-17,,1200700,9200
2019-09-18,,1200700,9200
2019-09-19,,1200700,9200
2019-09-20,,1200700,9200
2019-09-21,,1200700,9200
2019-09-22,,1200700,9200
2019-09-23,,1200700,9200
2019-09-24,,1200700,9200
2019-09-25,,1200700,9200
2019-09-26,,1200800,9300
2019-09-27,,1200800,9300
2019-09-28,,1201000,9300
2019-09-29,,1201000,9300
2019-09-30,,1201000,9300
2019-10-01,,1201000,9300
2019-10-02,,1201000,9300
2019-10-03,,1201100,9300
2019-10-04,,1201100,9300
2019-10-05,,1201200,9300
2019-10-06,,1201200,9300
2019-10-07,,1201200,9300
2019-10-08,,1201300,9300
2019-10-09,,1201300,9300
2019-10-10,,1201300,9300
2019-10-11,,1201400,9300
2019-10-12,,1201400,9300
2019-10-13,,1201400,9300
2019-10-14,,1201400,9300
2019-10-15,,1201500,9300
2019-10-16,,1201500,9300
2019-10-17,,1201500,9300
2019-10-18,,1201500,9300
2019-10-19,,1201500,9300
2019-10-20,,1201500,9300
2019-10-21,,1201500,9300
2019-10-22,,1201600,9300
2019-10-23,,1201600,9300
2019-10-24,,1201600,9300
2019-10-25,,1201600,9300
2019-10-26,,1201700,9300
2019-10-27,,1201900,9300
2019-10-28,,1201900,9300
2019-10-29,,1201900,9300
2019-10-30,,1201900,9300
2019-10-31,,1201900,9300
2019-11-01,,1202000,9300
2019-11-02,,1202000,9300
2019-11-03,,1202000,9300
2019-11-04,,1202100,9300
2019-11-05,,1202100,9300
2019-11-06,,1202100,9300
2019-11-07,,1202100,9300
2019-11-08,,1202100,9300
2019-11-09,,1202200,9300
2019-11-10,,1202200,9300
2019-11-11,,1202300,9300
2019-11-12,,1202300,9300
2019-11-13,,1202300,9300
2019-11-14,,1202300,9300
2019-11-15,,1202300,9300
2019-11-16,,1202400,9300
2019-11-17,,1202500,9300
2019-11-18,,1202500,9300
2019-11-19,,1202500,9300
2019-11-20,,1202500,9300
2019-11-21,,1202500,9300
2019-11-22,,1202600,9300
2019-11-23,,1202600,9300
2019-11-24,,1202600,9300
2019-11-25,,1202600,9300
2019-11-26,,1202600,9300
2019-11-27,,1202600,9300
2019-11-28,,1202800,9300
2019-11-29,,1202800,9300
2019-11-30,,1202900,9300
2019-12-01,,1202900,9300
2019-12-02,,1202900,9300
2019-12-03,,1202900,9300
2019-12-04,,1202900,9300
2019-12-05,,1202900,18800
2019-12-06,,1202900,18800
2019-12-07,,1202900,18800
2019-12-08,,1203100,18800
2019-12-09,,1203100,18800
2019-12-10,,1203200,18800
2019-12-11,,1203200,18800
2019-12-12,,1203200,18800
2019-12-13,,1203200,18800
2019-12-14,,1203300,18800
2019-12-15,,1203300,18800
2019-12-16,,1203300,18800
2019-12-17,,1203400,18800
2019-12-18,,1203500,18800
2019-12-19,,1203500,18800
2019-12-20,,1203500,18800
2019-12-21,,1203600,18800
2019-12-22,,1203600,18800
2019-12-23,,1203600,18800
2019-12-24,,1203700,18800
2019-12-25,,1203700,18800
2019-12-26,,1203800,18800
2019-12-27,,1203800,18800
2019-12-28,,1203800,18800
2019-12-29,,1203800,18800
2019-12-30,,1203900,18800
2019-12-31,,1204000,18800
2020-01-01,,1204200,18800
2020-01-02,,1204200,18800
2020-01-03,,1204300,18800
2020-01-04,,1204300,18800
2020-01-05,,1204300,18800
2020-01-06,,1204300,18800
2020-01-07,,1204300,18800
2020-01-08,,1204300,18800
2020-01-09,,1204500,18800
2020-01-10,,1204500,18800
2020-01-11,,1204500,18800
2020-01-12,,1204500,18800
2020-01-13,,1204500,18800
2020-01-14,,1204500,18800
2020-01-15,,1204600,18800
2020-01-16,,1204600,18800
2020-01-17,,1204600,18800
2020-01-18,,1204600,19000
2020-01-19,,1204700,19000
2020-01-20,,1204700,19000
2020-01-21,,1204700,19000
2020-01-22,,1204700,19000
2020-01-23,,1204700,19000
2020-01-24,,1204700,19000
2020-01-25,,1204700,19000
2020-01-26,,1204700,19000
2020-01-27,,1204800,19000
2020-01-28,,1204800,19000
2020-01-29,,1204800,19000
2020-01-30,,1204800,19000
2020-01-31,,1204800,19000
2020-02-01,,1204800,19000
2020-02-02,,1204900,19000
2020-02-03,,1204900,19000
2020-02-04,,1204900,19000
2020-02-05,,1204900,19000
2020-02-06,,1204900,19000
2020-02-07,,1205000,19000
2020-02-08,,1205100,19000
2020-02-09,,1205100,19000
2020-02-10,,1205100,19000
2020-02-11,,1205200,19000
2020-02-12,,1205200,19000
2020-02-13,,1205200,19000
2020-02-14,,1205400,19000
2020-02-15,,1205400,19000
2020-02-16,,1205400,19000
2020-02-17,,1205400,19000
2020-02-18,,1205400,19000
2020-02-19,,1205400,19000
2020-02-20,,1205400,19000
2020-02-21,,1205400,19000
2020-02-22,,1205400,19100
2020-02-23,,1205400,19100
2020-02-24,,1205400,19100
2020-02-25,,1205400,19100
2020-02-26,,1205400,19100
2020-02-27,,1205400,19100
2020-02-28,,1205400,19100
2020-02-29,,1205400,19100
2020-03-01,,1205400,19100
2020-03-02,,1205400,19100
2020-03-03,,1205400,19100
2020-03-04,,1205500,19100
2020-03-05,,1205600,19100
2020-03-06,,1205600,19100
2020-03-07,,1205600,19200
2020-03-08,,1205600,19200
2020-03-09,,1205600,19200
2020-03-10,,1205600,19200
2020-03-11,,1205600,19400
2020-03-12,,1205700,19400
2020-03-13,,1205700,19400
2020-03-14,,1205700,19400
2020-03-15,,1205700,19400
2020-03-16,,1205700,19400
2020-03-17,,1205700,19500
2020-03-18,,1205700,19500
2020-03-19,,1205700,19500
2020-03-20,,1205700,19500
2020-03-21,,1205700,19500
2020-03-22,,1205700,19500
2020-03-23,,1205700,19500
2020-03-24,,1205800,19500
2020-03-25,,1205800,19500
2020-03-26,,1205800,19500
2020-03-27,,1205800,19500
2020-03-28,,1205800,19500
2020-03-29,,1205900,19500
2020-03-30,,1205900,19500
2020-03-31,,1206000,19500
2020-04-01,,1206000,19500
2020-04-02,,1206100,19500
2020-04-03,,1206100,19500
2020-04-04,,1206200,19500
2020-04-05,,1206200,19500
2020-04-06,,1206200,19500
2020-04-07,,1206200,19500
2020-04-08,,1206400,19600
2020-04-09,,1206400,19600
2020-04-10,,1206500,19600
2020-04-11,,1206600,19600
2020-04-12,,1206700,19600
2020-04-13,,1206800,19600
2020-04-14,,1207000,19600
2020-04-15,,1207000,19600
2020-04-16,,1207000,19800
2020-04-17,,1207100,19800
2020-04-18,,1207100,19800
2020-04-19,,1207100,19800
2020-04-20,,1207100,19800
2020-04-21,,1207100,19800
2020-04-22,,1207200,19800
2020-04-23,,1207300,19800
2020-04-24,,1207300,19800
2020-04-25,,1207400,19800
2020-04-26,,1207400,19800
2020-04-27,,1207400,19800
2020-04-28,,1207400,19800
2020-04-29,,1207400,19800
2020-04-30,,1207400,19800
2020-05-01,,1207400,19800
2020-05-02,,1207700,19800
2020-05-03,,1207700,19800
2020-05-04,,1207700,19800
2020-05-05,,1207700,19800
2020-05-06,,1207800,19800
2020-05-07,,1207800,19800
2020-05-08,,1207800,19800
2020-05-09,,1208100,19800
2020-05-10,,1208200,19800
2020-05-11,,1208200,19800
2020-05-12,,1208200,19800
2020-05-13,,1208300,19800
2020-05-14,,1208300,19900
2020-05-15,,1208300,19900
2020-05-16,,1208400,19900
2020-05-17,,1208400,19900
2020-05-18,,1208400,19900
2020-05-19,,1208400,19900
2020-05-20,,1208500,19900
2020-05-21,,1208500,19900
2020-05-22,,1208500,19900
2020-05-23,,1208500,19900
2020-05-24,,1208500,19900
2020-05-25,,1208700,19900
2020-05-26,,1208700,19900
2020-05-27,,1208800,19900
2020-05-28,,1208900,19900
2020-05-29,,1208900,19900
2020-05-30,,1209000,19900
2020-05-31,,1209100,20000
2020-06-01,,1209200,20000
2020-06-02,,1209200,20000
2020-06-03,,1209200,20000
2020-06-04,,1209200,20000
2020-06-05,,1209200,20000
2020-06-06,,1209300,20000
2020-06-07,,1209300,20000
2020-06-08,,1209400,20000
2020-06-09,,1209400,20000
2020-06-10,,1209400,20100
2020-06-11,,1209400,20100
2020-06-12,,1209400,20100
2020-06-13,,1209400,20100
2020-06-14,,1209400,20100
2020-06-15,,1209400,20100
2020-06-16,,1209400,20100
2020-06-17,,1209400,20100
2020-06-18,,1209400,20100
2020-06-19,,1209600,20100
2020-06-20,,1209600,20100
2020-06-21,,1209700,20100
2020-06-22,,1209800,20100
2020-06-23,,1209800,20100
2020-06-24,,1209800,20100
2020-06-25,,1209800,20100
2020-06-26,,1209800,20100
2020-06-27,,1209900,20100
2020-06-28,,1210000,20100
2020-06-29,,1210100,20100
2020-06-30,,1210100,20100
2020-07-01,,1210100,20100
2020-07-02,,1210100,20100
2020-07-03,,1210100,20100
2020-07-04,,1210200,20100
2020-07-05,,1210200,20100
2020-07-06,,1210200,20100
2020-07-07,,1210300,20100
2020-07-08,,1210300,20100
2020-07-09,,1210300,20100
2020-07-10,,1210300,20200
2020-07-11,,1210300,20200
2020-07-12,,1210400,20200
2020-07-13,,1210500,20200
2020-07-14,,1210500,20200
2020-07-15,,1210500,20200
2020-07-16,,1210600,20200
2020-07-17,,1210600,20200
2020-07-18,,1210600,20200
2020-07-19,,1210600,20200
2020-07-20,,1210600,20200
2020-07-21,,1210600,20200
2020-07-22,,1210700,20200
2020-07-23,,1210700,20200
2020-07-24,,1210800,20200
2020-07-25,,1210800,20200
2020-07-26,,1210900,20200
2020-07-27,,1210900,20200
2020-07-28,,1210900,20200
2020-07-29,,1211000,20200
2020-07-30,,1211000,20200
2020-07-31,,1211000,20300
2020-08-01,,1211000,20300
2020-08-02,,1211000,20300
2020-08-03,,1211000,20300
2020-08-04,,1211000,20300
2020-08-05,,1211000,20300
2020-08-06,,1211000,20300
2020-08-07,,1211000,20300
2020-08-08,,1211000,20300
2020-08-09,,1211000,20300
2020-08-10,,1211000,20300
2020-08-11,,1211000,20300
2020-08-12,,1211000,20300
2020-08-13,,1211000,20300
2020-08-14,,1211100,20300
2020-08-15,,1211200,20300
2020-08-16,,1211200,20300
2020-08-17,,1211300,20300
2020-08-18,,1211300,20300
2020-08-19,,1211300,20300
2020-08-20,,1211300,20300
2020-08-21,,1211300,20300
2020-08-22,,1211300,20300
2020-08-23,,1211300,20300
2020-08-24,,1211300,20300
2020-08-25,,1211500,20300
2020-08-26,,1211500,20300
2020-08-27,,1211500,20300
2020-08-28,,1211500,20300
2020-08-29,,1211600,20300
2020-08-30,,1211600,20400
2020-08-31,,1211600,20400
2020-09-01,,1211700,20400
2020-09-02,,1211800,20400
2020-09-03,,1211800,20400
2020-09-04,,1211900,20400
2020-09-05,,1211900,20400
2020-09-06,,1211900,20400
2020-09-07,,1211900,20600
2020-09-08,,1211900,20600
2020-09-09,,1211900,20600
2020-09-10,,1211900,20600
2020-09-11,,1211900,20600
2020-09-12,,1211900,20600
2020-09-13,,1211900,20600
2020-09-14,,1211900,20600
2020-09-15,,1212000,20600
2020-09-16,,1212000,20600
2020-09-17,,1212000,20600
2020-09-18,,1212100,20600
2020-09-19,,1212100,20600
2020-09-20,,1212100,20600
2020-09-21,,1212100,20600
2020-09-22,,1212100,20600
2020-09-23,,1212100,20600
2020-09-24,,1212100,20600
2020-09-25,,1212100,20600
2020-09-26,,1212100,20600
2020-09-27,,1212100,20600
2020-09-28,,1212200,20600
2020-09-29,,1212200,20600
2020-09-30,,1212200,20600
2020-10-01,,1212200,20600
2020-10-02,,1212200,20600
2020-10-03,,1212200,20600
2020-10-04,,1212200,20600
2020-10-05,,1212200,20600
2020-10-06,,1212300,20600
2020-10-07,,1212300,20600
2020-10-08,,1212300,20600
2020-10-09,,1212300,20600
2020-10-10,,1212300,20600
2020-10-11,,1212400,20600
2020-10-12,,1212400,20600
2020-10-13,,1212400,20600
2020-10-14,,1212400,20600
2020-10-15,,1212400,20600
2020-10-16,,1212400,20600
2020-10-17,,1212400,20600
2020-10-18,,1212400,20600
2020-10-19,,1212400,20600
2020-10-20,,1212400,20800
2020-10-21,,1212400,20800
2020-10-22,,1212400,20900
2020-10-23,,1212400,20900
2020-10-24,,1212400,20900
2020-10-25,,1212400,20900
2020-10-26,,1212400,21000
2020-10-27,,1212400,21000
2020-10-28,,1212400,21000
2020-10-29,,1212400,21000
2020-10-30,,1212500,21000
2020-10-31,,1212500,21000
2020-11-01,,1212500,21000
2020-11-02,,1212500,21000
2020-11-03,,1212500,21000
2020-11-04,,1212500,21000
2020-11-05,,1212500,21000
2020-11-06,,1212500,21000
2020-11-07,,1212600,21000
2020-11-08,,1212700,21000
2020-11-09,,1212700,21000
2020-11-10,,1212700,21000
2020-11-11,,1212700,21000
2020-11-12,,1212700,21000
2020-11-13,,1212700,21000
2020-11-14,,1212700,21000
2020-11-15,,1212700,21000
2020-11-16,,1212700,21000
2020-11-17,,1212700,21000
2020-11-18,,1212700,21000
2020-11-19,,1212700,21000
